fecha,corredor,estacion_o_evento,tipo_registro,numero_planilla,tarjetas_universal,tarjetas_reducida,tarjetas_preferencial,total_tarjetas,horario_extendido,sistema,tipo_ubicacion,mes,semana,dia_semana,atipico
2026-03-06,Ecovía Norte,Río Coca,NORMAL,,0,0,0,0,0,ECOVIA,ESTACION,2026-03,2026-03-02,Vie,False
2026-03-06,Sur Oriental,Guamaní,NORMAL,,0,0,0,0,0,ECOVIA,ESTACION,2026-03,2026-03-02,Vie,False
2026-03-06,Sur Oriental,Playón de la Marín,NORMAL,,0,0,0,0,0,ECOVIA,ESTACION,2026-03,2026-03-02,Vie,False
2026-03-06,Trole Norte,Labrador,NORMAL,,0,0,0,0,0,TROLEBUS,ESTACION,2026-03,2026-03-02,Vie,False
2026-03-06,Trole Sur,Magdalena,EVENTO,,198,36,4,238,0,TROLEBUS,EVENTO,2026-03,2026-03-02,Vie,False
2026-03-06,Trole Sur,Quitumbe,NORMAL,,0,0,0,0,0,TROLEBUS,TERMINAL,2026-03,2026-03-02,Vie,False
2026-03-07,Ecovía Norte,Río Coca,NORMAL,,16,7,0,23,0,ECOVIA,ESTACION,2026-03,2026-03-02,Sáb,False
2026-03-07,Sur Oriental,Guamaní,NORMAL,,19,4,1,24,0,ECOVIA,ESTACION,2026-03,2026-03-02,Sáb,False
2026-03-07,Sur Oriental,Playón de la Marín,NORMAL,,33,3,0,36,0,ECOVIA,ESTACION,2026-03,2026-03-02,Sáb,False
2026-03-07,Trole Norte,Labrador,NORMAL,,81,9,1,91,0,TROLEBUS,ESTACION,2026-03,2026-03-02,Sáb,False
2026-03-07,Trole Sur,El Recreo,NORMAL,,61,21,5,87,0,TROLEBUS,ESTACION,2026-03,2026-03-02,Sáb,False
2026-03-07,Trole Sur,Quitumbe,NORMAL,,26,10,2,38,0,TROLEBUS,TERMINAL,2026-03,2026-03-02,Sáb,False
2026-03-08,Ecovía Norte,Río Coca,NORMAL,,23,5,1,29,0,ECOVIA,ESTACION,2026-03,2026-03-02,Dom,False
2026-03-08,Sur Oriental,Guamaní,NORMAL,,35,3,1,39,0,ECOVIA,ESTACION,2026-03,2026-03-02,Dom,False
2026-03-08,Sur Oriental,Playón de la Marín,NORMAL,,28,4,1,33,0,ECOVIA,ESTACION,2026-03,2026-03-02,Dom,False
2026-03-08,Trole Norte,Labrador,NORMAL,,40,13,3,56,0,TROLEBUS,ESTACION,2026-03,2026-03-02,Dom,False
2026-03-08,Trole Sur,El Recreo,NORMAL,,59,15,3,77,0,TROLEBUS,ESTACION,2026-03,2026-03-02,Dom,False
2026-03-08,Trole Sur,Quitumbe,NORMAL,,50,12,0,62,0,TROLEBUS,TERMINAL,2026-03,2026-03-02,Dom,False
2026-03-09,Ecovía Norte,Río Coca,NORMAL,,106,18,6,130,0,ECOVIA,ESTACION,2026-03,2026-03-09,Lun,False
2026-03-09,Sur Oriental,Guamaní,NORMAL,,73,16,3,92,0,ECOVIA,ESTACION,2026-03,2026-03-09,Lun,False
2026-03-09,Sur Oriental,Playón de la Marín,NORMAL,,64,6,0,70,0,ECOVIA,ESTACION,2026-03,2026-03-09,Lun,False
2026-03-09,Trole Norte,Labrador,NORMAL,,188,41,11,240,0,TROLEBUS,ESTACION,2026-03,2026-03-09,Lun,True
2026-03-09,Trole Sur,El Recreo,NORMAL,,145,60,5,210,0,TROLEBUS,ESTACION,2026-03,2026-03-09,Lun,True
2026-03-09,Trole Sur,Quitumbe,NORMAL,,57,27,6,90,0,TROLEBUS,TERMINAL,2026-03,2026-03-09,Lun,False
2026-03-10,Ecovía Norte,Río Coca,NORMAL,,73,22,5,100,0,ECOVIA,ESTACION,2026-03,2026-03-09,Mar,False
2026-03-10,Sur Oriental,Guamaní,NORMAL,,64,28,1,93,0,ECOVIA,ESTACION,2026-03,2026-03-09,Mar,False
2026-03-10,Sur Oriental,Playón de la Marín,NORMAL,,73,18,3,94,0,ECOVIA,ESTACION,2026-03,2026-03-09,Mar,False
2026-03-10,Trole Norte,Labrador,NORMAL,,196,36,14,246,0,TROLEBUS,ESTACION,2026-03,2026-03-09,Mar,True
2026-03-10,Trole Sur,El Recreo,NORMAL,,106,40,10,156,0,TROLEBUS,ESTACION,2026-03,2026-03-09,Mar,False
2026-03-10,Trole Sur,Quitumbe,NORMAL,,56,25,3,84,0,TROLEBUS,TERMINAL,2026-03,2026-03-09,Mar,False
2026-03-11,Ecovía Norte,Río Coca,NORMAL,,151,29,2,182,0,ECOVIA,ESTACION,2026-03,2026-03-09,Mié,True
2026-03-11,Sur Oriental,Guamaní,NORMAL,,112,45,4,161,0,ECOVIA,ESTACION,2026-03,2026-03-09,Mié,False
2026-03-11,Sur Oriental,Playón de la Marín,NORMAL,,168,28,4,200,0,ECOVIA,ESTACION,2026-03,2026-03-09,Mié,True
2026-03-11,Trole Norte,Labrador,NORMAL,,227,48,4,279,0,TROLEBUS,ESTACION,2026-03,2026-03-09,Mié,True
2026-03-11,Trole Sur,El Recreo,NORMAL,,238,126,24,388,0,TROLEBUS,ESTACION,2026-03,2026-03-09,Mié,True
2026-03-11,Trole Sur,Quitumbe,NORMAL,,132,53,11,196,0,TROLEBUS,TERMINAL,2026-03,2026-03-09,Mié,True
2026-03-12,Ecovía Norte,Río Coca,NORMAL,,120,22,9,151,0,ECOVIA,ESTACION,2026-03,2026-03-09,Jue,False
2026-03-12,Sur Oriental,Guamaní,NORMAL,,116,47,2,165,0,ECOVIA,ESTACION,2026-03,2026-03-09,Jue,False
2026-03-12,Sur Oriental,Playón de la Marín,NORMAL,,68,18,4,90,0,ECOVIA,ESTACION,2026-03,2026-03-09,Jue,False
2026-03-12,Trole Norte,Labrador,NORMAL,,204,46,12,262,0,TROLEBUS,ESTACION,2026-03,2026-03-09,Jue,True
2026-03-12,Trole Sur,El Recreo,NORMAL,,243,110,20,373,0,TROLEBUS,ESTACION,2026-03,2026-03-09,Jue,True
2026-03-12,Trole Sur,Quitumbe,NORMAL,,99,46,8,153,0,TROLEBUS,TERMINAL,2026-03,2026-03-09,Jue,True
2026-03-13,Ecovía Norte,Río Coca,NORMAL,,97,25,4,126,0,ECOVIA,ESTACION,2026-03,2026-03-09,Vie,False
2026-03-13,Sur Oriental,Guamaní,NORMAL,,116,38,8,162,0,ECOVIA,ESTACION,2026-03,2026-03-09,Vie,False
2026-03-13,Sur Oriental,Playón de la Marín,NORMAL,,78,17,9,104,0,ECOVIA,ESTACION,2026-03,2026-03-09,Vie,False
2026-03-13,Trole Norte,Labrador,NORMAL,,173,55,7,235,0,TROLEBUS,ESTACION,2026-03,2026-03-09,Vie,True
2026-03-13,Trole Sur,El Recreo,NORMAL,,226,115,17,358,0,TROLEBUS,ESTACION,2026-03,2026-03-09,Vie,True
2026-03-13,Trole Sur,Quitumbe,NORMAL,,133,52,14,199,0,TROLEBUS,TERMINAL,2026-03,2026-03-09,Vie,True
2026-03-14,Ecovía Norte,Río Coca,NORMAL,,96,21,5,122,0,ECOVIA,ESTACION,2026-03,2026-03-09,Sáb,False
2026-03-14,Sur Oriental,Guamaní,NORMAL,,86,37,8,131,0,ECOVIA,ESTACION,2026-03,2026-03-09,Sáb,False
2026-03-14,Sur Oriental,Playón de la Marín,NORMAL,,53,12,3,68,0,ECOVIA,ESTACION,2026-03,2026-03-09,Sáb,False
2026-03-14,Trole Norte,Labrador,NORMAL,,83,52,8,143,0,TROLEBUS,ESTACION,2026-03,2026-03-09,Sáb,False
2026-03-14,Trole Sur,El Recreo,NORMAL,,179,82,12,273,0,TROLEBUS,ESTACION,2026-03,2026-03-09,Sáb,True
2026-03-14,Trole Sur,Quitumbe,NORMAL,,54,16,3,73,0,TROLEBUS,TERMINAL,2026-03,2026-03-09,Sáb,False
2026-03-15,Ecovía Norte,Río Coca,NORMAL,,99,28,3,130,0,ECOVIA,ESTACION,2026-03,2026-03-09,Dom,False
2026-03-15,Sur Oriental,Guamaní,NORMAL,,89,26,5,120,0,ECOVIA,ESTACION,2026-03,2026-03-09,Dom,False
2026-03-15,Sur Oriental,Playón de la Marín,NORMAL,,57,24,5,86,0,ECOVIA,ESTACION,2026-03,2026-03-09,Dom,False
2026-03-15,Trole Norte,Labrador,NORMAL,,63,37,1,101,0,TROLEBUS,ESTACION,2026-03,2026-03-09,Dom,False
2026-03-15,Trole Sur,El Recreo,NORMAL,,167,74,6,247,0,TROLEBUS,ESTACION,2026-03,2026-03-09,Dom,True
2026-03-15,Trole Sur,Quitumbe,NORMAL,,99,44,6,149,0,TROLEBUS,TERMINAL,2026-03,2026-03-09,Dom,True
2026-03-16,Ecovía Norte,Río Coca,NORMAL,,142,28,7,177,0,ECOVIA,ESTACION,2026-03,2026-03-16,Lun,True
2026-03-16,Sur Oriental,Guamaní,NORMAL,,151,38,10,199,0,ECOVIA,ESTACION,2026-03,2026-03-16,Lun,True
2026-03-16,Sur Oriental,Playón de la Marín,NORMAL,,138,26,5,169,0,ECOVIA,ESTACION,2026-03,2026-03-16,Lun,False
2026-03-16,Trole Norte,Labrador,NORMAL,,167,55,9,231,0,TROLEBUS,ESTACION,2026-03,2026-03-16,Lun,True
2026-03-16,Trole Sur,El Recreo,NORMAL,,252,118,18,388,0,TROLEBUS,ESTACION,2026-03,2026-03-16,Lun,True
2026-03-16,Trole Sur,La Colina,EVENTO,,35,10,1,46,0,TROLEBUS,EVENTO,2026-03,2026-03-16,Lun,False
2026-03-16,Trole Sur,Quitumbe,NORMAL,,92,50,6,148,0,TROLEBUS,TERMINAL,2026-03,2026-03-16,Lun,True
2026-03-17,Ecovía Norte,Río Coca,NORMAL,,166,31,11,208,0,ECOVIA,ESTACION,2026-03,2026-03-16,Mar,True
2026-03-17,Sur Oriental,Guamaní,NORMAL,,108,33,3,144,0,ECOVIA,ESTACION,2026-03,2026-03-16,Mar,False
2026-03-17,Sur Oriental,Playón de la Marín,NORMAL,,125,25,3,153,0,ECOVIA,ESTACION,2026-03,2026-03-16,Mar,False
2026-03-17,Trole Norte,Labrador,NORMAL,,168,59,1,228,0,TROLEBUS,ESTACION,2026-03,2026-03-16,Mar,True
2026-03-17,Trole Sur,El Recreo,NORMAL,,286,114,14,414,0,TROLEBUS,ESTACION,2026-03,2026-03-16,Mar,True
2026-03-17,Trole Sur,Quitumbe,NORMAL,,145,65,13,223,0,TROLEBUS,TERMINAL,2026-03,2026-03-16,Mar,True
2026-03-18,Ecovía Norte,Río Coca,NORMAL,,145,40,7,192,0,ECOVIA,ESTACION,2026-03,2026-03-16,Mié,True
2026-03-18,Sur Oriental,Guamaní,NORMAL,,151,38,9,198,0,ECOVIA,ESTACION,2026-03,2026-03-16,Mié,True
2026-03-18,Sur Oriental,Playón de la Marín,NORMAL,,131,27,6,164,0,ECOVIA,ESTACION,2026-03,2026-03-16,Mié,False
2026-03-18,Trole Norte,Labrador,NORMAL,,255,62,10,327,0,TROLEBUS,ESTACION,2026-03,2026-03-16,Mié,True
2026-03-18,Trole Sur,El Recreo,NORMAL,,272,98,9,379,0,TROLEBUS,ESTACION,2026-03,2026-03-16,Mié,True
2026-03-18,Trole Sur,Quitumbe,NORMAL,,173,90,2,265,0,TROLEBUS,TERMINAL,2026-03,2026-03-16,Mié,True
2026-03-19,Ecovía Norte,Río Coca,NORMAL,,177,45,7,229,0,ECOVIA,ESTACION,2026-03,2026-03-16,Jue,True
2026-03-19,Sur Oriental,Guamaní,NORMAL,,126,30,1,157,0,ECOVIA,ESTACION,2026-03,2026-03-16,Jue,False
2026-03-19,Sur Oriental,Playón de la Marín,NORMAL,,0,0,0,0,0,ECOVIA,ESTACION,2026-03,2026-03-16,Jue,False
2026-03-19,Trole Norte,Labrador,NORMAL,,227,52,11,290,0,TROLEBUS,ESTACION,2026-03,2026-03-16,Jue,True
2026-03-19,Trole Sur,El Recreo,NORMAL,,239,99,11,349,0,TROLEBUS,ESTACION,2026-03,2026-03-16,Jue,True
2026-03-19,Trole Sur,Quitumbe,NORMAL,,151,60,4,215,0,TROLEBUS,TERMINAL,2026-03,2026-03-16,Jue,True
2026-03-20,Ecovía Norte,Río Coca,NORMAL,,181,33,8,222,0,ECOVIA,ESTACION,2026-03,2026-03-16,Vie,True
2026-03-20,Sur Oriental,Guamaní,NORMAL,,137,35,8,180,0,ECOVIA,ESTACION,2026-03,2026-03-16,Vie,True
2026-03-20,Sur Oriental,Playón de la Marín,NORMAL,,0,0,0,0,0,ECOVIA,ESTACION,2026-03,2026-03-16,Vie,False
2026-03-20,Trole Norte,Labrador,NORMAL,,158,38,6,202,0,TROLEBUS,ESTACION,2026-03,2026-03-16,Vie,True
2026-03-20,Trole Sur,El Recreo,NORMAL,,312,128,26,466,0,TROLEBUS,ESTACION,2026-03,2026-03-16,Vie,True
2026-03-20,Trole Sur,Quitumbe,NORMAL,,136,61,6,203,0,TROLEBUS,TERMINAL,2026-03,2026-03-16,Vie,True
2026-03-21,Ecovía Norte,Río Coca,NORMAL,,168,45,7,220,0,ECOVIA,ESTACION,2026-03,2026-03-16,Sáb,True
2026-03-21,Sur Oriental,Guamaní,NORMAL,,99,27,1,127,0,ECOVIA,ESTACION,2026-03,2026-03-16,Sáb,False
2026-03-21,Sur Oriental,Playón de la Marín,NORMAL,,0,0,0,0,0,ECOVIA,ESTACION,2026-03,2026-03-16,Sáb,False
2026-03-21,Trole Norte,Labrador,NORMAL,,151,43,7,201,0,TROLEBUS,ESTACION,2026-03,2026-03-16,Sáb,True
2026-03-21,Trole Sur,El Recreo,NORMAL,,196,66,7,269,0,TROLEBUS,ESTACION,2026-03,2026-03-16,Sáb,True
2026-03-21,Trole Sur,Quitumbe,NORMAL,,96,47,3,146,0,TROLEBUS,TERMINAL,2026-03,2026-03-16,Sáb,True
2026-03-22,Ecovía Norte,Río Coca,NORMAL,,125,40,5,170,0,ECOVIA,ESTACION,2026-03,2026-03-16,Dom,False
2026-03-22,Sur Oriental,Guamaní,NORMAL,,89,31,2,122,0,ECOVIA,ESTACION,2026-03,2026-03-16,Dom,False
2026-03-22,Sur Oriental,Playón de la Marín,NORMAL,,0,0,0,0,0,ECOVIA,ESTACION,2026-03,2026-03-16,Dom,False
2026-03-22,Trole Norte,Labrador,NORMAL,,153,36,7,196,0,TROLEBUS,ESTACION,2026-03,2026-03-16,Dom,True
2026-03-22,Trole Sur,El Recreo,NORMAL,,161,79,9,249,0,TROLEBUS,ESTACION,2026-03,2026-03-16,Dom,True
2026-03-22,Trole Sur,Quitumbe,NORMAL,,97,25,6,128,0,TROLEBUS,TERMINAL,2026-03,2026-03-16,Dom,True
2026-03-23,Ecovía Norte,Río Coca,NORMAL,,230,45,10,285,0,ECOVIA,ESTACION,2026-03,2026-03-23,Lun,True
2026-03-23,Sur Oriental,Guamaní,NORMAL,,151,27,8,186,0,ECOVIA,ESTACION,2026-03,2026-03-23,Lun,True
2026-03-23,Sur Oriental,Playón de la Marín,NORMAL,,0,0,0,0,0,ECOVIA,ESTACION,2026-03,2026-03-23,Lun,False
2026-03-23,Trole Norte,Labrador,NORMAL,,203,42,5,250,0,TROLEBUS,ESTACION,2026-03,2026-03-23,Lun,True
2026-03-23,Trole Sur,El Recreo,NORMAL,,348,90,18,456,0,TROLEBUS,ESTACION,2026-03,2026-03-23,Lun,True
2026-03-23,Trole Sur,Quitumbe,NORMAL,,149,56,5,210,0,TROLEBUS,TERMINAL,2026-03,2026-03-23,Lun,True
2026-03-24,Ecovía Norte,Río Coca,NORMAL,,229,43,9,281,0,ECOVIA,ESTACION,2026-03,2026-03-23,Mar,True
2026-03-24,Sur Oriental,Guamaní,NORMAL,,116,41,3,160,0,ECOVIA,ESTACION,2026-03,2026-03-23,Mar,False
2026-03-24,Sur Oriental,Playón de la Marín,NORMAL,,0,0,0,0,0,ECOVIA,ESTACION,2026-03,2026-03-23,Mar,False
2026-03-24,Trole Norte,Labrador,NORMAL,,217,47,9,273,0,TROLEBUS,ESTACION,2026-03,2026-03-23,Mar,True
2026-03-24,Trole Sur,El Recreo,NORMAL,,305,114,22,441,0,TROLEBUS,ESTACION,2026-03,2026-03-23,Mar,True
2026-03-24,Trole Sur,Quitumbe,NORMAL,,146,59,9,214,0,TROLEBUS,TERMINAL,2026-03,2026-03-23,Mar,True
2026-03-25,Ecovía Norte,Río Coca,NORMAL,,163,40,3,206,0,ECOVIA,ESTACION,2026-03,2026-03-23,Mié,True
2026-03-25,Sur Oriental,Guamaní,NORMAL,,140,36,2,178,0,ECOVIA,ESTACION,2026-03,2026-03-23,Mié,True
2026-03-25,Sur Oriental,Playón de la Marín,NORMAL,,0,0,0,0,0,ECOVIA,ESTACION,2026-03,2026-03-23,Mié,False
2026-03-25,Trole Norte,Labrador,NORMAL,,37,6,1,44,0,TROLEBUS,ESTACION,2026-03,2026-03-23,Mié,False
2026-03-25,Trole Sur,El Recreo,NORMAL,,303,126,17,446,0,TROLEBUS,ESTACION,2026-03,2026-03-23,Mié,True
2026-03-25,Trole Sur,Quitumbe,NORMAL,,93,38,4,135,0,TROLEBUS,TERMINAL,2026-03,2026-03-23,Mié,True
2026-03-26,Ecovía Norte,Río Coca,NORMAL,,183,40,7,230,0,ECOVIA,ESTACION,2026-03,2026-03-23,Jue,True
2026-03-26,Sur Oriental,Guamaní,NORMAL,,135,48,4,187,0,ECOVIA,ESTACION,2026-03,2026-03-23,Jue,True
2026-03-26,Sur Oriental,Playón de la Marín,NORMAL,,0,0,0,0,0,ECOVIA,ESTACION,2026-03,2026-03-23,Jue,False
2026-03-26,Trole Norte,Labrador,NORMAL,,174,40,5,219,0,TROLEBUS,ESTACION,2026-03,2026-03-23,Jue,True
2026-03-26,Trole Sur,El Recreo,NORMAL,,305,113,18,436,0,TROLEBUS,ESTACION,2026-03,2026-03-23,Jue,True
2026-03-26,Trole Sur,Quitumbe,NORMAL,,138,55,3,196,0,TROLEBUS,TERMINAL,2026-03,2026-03-23,Jue,True
2026-03-27,Ecovía Norte,Río Coca,NORMAL,,205,47,8,260,0,ECOVIA,ESTACION,2026-03,2026-03-23,Vie,True
2026-03-27,Sur Oriental,Guamaní,NORMAL,,139,33,5,177,0,ECOVIA,ESTACION,2026-03,2026-03-23,Vie,True
2026-03-27,Sur Oriental,Playón de la Marín,NORMAL,,0,0,0,0,0,ECOVIA,ESTACION,2026-03,2026-03-23,Vie,False
2026-03-27,Trole Norte,Labrador,NORMAL,,41,9,0,50,0,TROLEBUS,ESTACION,2026-03,2026-03-23,Vie,False
2026-03-27,Trole Sur,El Recreo,NORMAL,,300,107,22,429,0,TROLEBUS,ESTACION,2026-03,2026-03-23,Vie,True
2026-03-27,Trole Sur,Quitumbe,NORMAL,,167,58,6,231,0,TROLEBUS,TERMINAL,2026-03,2026-03-23,Vie,True
2026-03-28,Ecovía Norte,Río Coca,NORMAL,,204,39,5,248,0,ECOVIA,ESTACION,2026-03,2026-03-23,Sáb,True
2026-03-28,Sur Oriental,Guamaní,NORMAL,,133,26,6,165,0,ECOVIA,ESTACION,2026-03,2026-03-23,Sáb,False
2026-03-28,Sur Oriental,Playón de la Marín,NORMAL,,0,0,0,0,0,ECOVIA,ESTACION,2026-03,2026-03-23,Sáb,False
2026-03-28,Trole Norte,Labrador,NORMAL,,0,0,0,0,0,TROLEBUS,ESTACION,2026-03,2026-03-23,Sáb,False
2026-03-28,Trole Sur,El Recreo,NORMAL,,295,121,14,430,0,TROLEBUS,ESTACION,2026-03,2026-03-23,Sáb,True
2026-03-28,Trole Sur,Quitumbe,NORMAL,,109,49,9,167,0,TROLEBUS,TERMINAL,2026-03,2026-03-23,Sáb,True
2026-03-29,Ecovía Norte,Río Coca,NORMAL,,181,43,9,233,0,ECOVIA,ESTACION,2026-03,2026-03-23,Dom,True
2026-03-29,Sur Oriental,Guamaní,NORMAL,,113,46,6,165,0,ECOVIA,ESTACION,2026-03,2026-03-23,Dom,False
2026-03-29,Sur Oriental,Playón de la Marín,NORMAL,,0,0,0,0,0,ECOVIA,ESTACION,2026-03,2026-03-23,Dom,False
2026-03-29,Trole Norte,Labrador,NORMAL,,0,0,0,0,0,TROLEBUS,ESTACION,2026-03,2026-03-23,Dom,False
2026-03-29,Trole Sur,El Recreo,NORMAL,,219,92,17,328,0,TROLEBUS,ESTACION,2026-03,2026-03-23,Dom,True
2026-03-29,Trole Sur,Quitumbe,NORMAL,,139,51,5,195,0,TROLEBUS,TERMINAL,2026-03,2026-03-23,Dom,True
2026-03-30,Ecovía Norte,Río Coca,NORMAL,,130,37,10,177,0,ECOVIA,ESTACION,2026-03,2026-03-30,Lun,True
2026-03-30,Sur Oriental,Guamaní,NORMAL,,161,51,6,218,0,ECOVIA,ESTACION,2026-03,2026-03-30,Lun,True
2026-03-30,Sur Oriental,Playón de la Marín,NORMAL,,0,0,0,0,0,ECOVIA,ESTACION,2026-03,2026-03-30,Lun,False
2026-03-30,Trole Norte,Labrador,NORMAL,,0,0,0,0,0,TROLEBUS,ESTACION,2026-03,2026-03-30,Lun,False
2026-03-30,Trole Sur,El Recreo,NORMAL,,428,165,23,616,0,TROLEBUS,ESTACION,2026-03,2026-03-30,Lun,True
2026-03-30,Trole Sur,Quitumbe,NORMAL,,186,73,9,268,0,TROLEBUS,TERMINAL,2026-03,2026-03-30,Lun,True
2026-03-31,Ecovía Norte,Río Coca,NORMAL,,212,63,12,287,0,ECOVIA,ESTACION,2026-03,2026-03-30,Mar,True
2026-03-31,Sur Oriental,Guamaní,NORMAL,,154,35,1,190,0,ECOVIA,ESTACION,2026-03,2026-03-30,Mar,True
2026-03-31,Sur Oriental,Playón de la Marín,NORMAL,,0,0,0,0,0,ECOVIA,ESTACION,2026-03,2026-03-30,Mar,False
2026-03-31,Trole Norte,Labrador,NORMAL,,0,0,0,0,0,TROLEBUS,ESTACION,2026-03,2026-03-30,Mar,False
2026-03-31,Trole Sur,El Recreo,NORMAL,,425,103,15,543,0,TROLEBUS,ESTACION,2026-03,2026-03-30,Mar,True
2026-03-31,Trole Sur,Quitumbe,NORMAL,,233,83,8,324,0,TROLEBUS,TERMINAL,2026-03,2026-03-30,Mar,True
2026-04-01,Ecovía Norte,Río Coca,NORMAL,,225,40,9,274,0,ECOVIA,ESTACION,2026-04,2026-03-30,Mié,True
2026-04-01,Sur Oriental,Guamaní,NORMAL,,188,30,2,220,0,ECOVIA,ESTACION,2026-04,2026-03-30,Mié,True
2026-04-01,Sur Oriental,Playón de la Marín,NORMAL,,0,0,0,0,0,ECOVIA,ESTACION,2026-04,2026-03-30,Mié,False
2026-04-01,Trole Norte,Labrador,NORMAL,,0,0,0,0,0,TROLEBUS,ESTACION,2026-04,2026-03-30,Mié,False
2026-04-01,Trole Sur,El Recreo,NORMAL,,500,176,26,702,0,TROLEBUS,ESTACION,2026-04,2026-03-30,Mié,True
2026-04-01,Trole Sur,Quitumbe,NORMAL,,177,32,4,213,0,TROLEBUS,TERMINAL,2026-04,2026-03-30,Mié,True
2026-04-02,Ecovía Norte,Río Coca,NORMAL,,220,49,10,279,0,ECOVIA,ESTACION,2026-04,2026-03-30,Jue,True
2026-04-02,Sur Oriental,Guamaní,NORMAL,,152,63,8,223,0,ECOVIA,ESTACION,2026-04,2026-03-30,Jue,True
2026-04-02,Sur Oriental,Playón de la Marín,NORMAL,,100,7,2,109,0,ECOVIA,ESTACION,2026-04,2026-03-30,Jue,False
2026-04-02,Trole Norte,Labrador,NORMAL,,145,21,3,169,0,TROLEBUS,ESTACION,2026-04,2026-03-30,Jue,False
2026-04-02,Trole Sur,El Recreo,NORMAL,,279,110,16,405,0,TROLEBUS,ESTACION,2026-04,2026-03-30,Jue,True
2026-04-02,Trole Sur,Quitumbe,NORMAL,,178,63,7,248,0,TROLEBUS,TERMINAL,2026-04,2026-03-30,Jue,True
2026-04-03,Ecovía Norte,Río Coca,NORMAL,,120,13,0,133,0,ECOVIA,ESTACION,2026-04,2026-03-30,Vie,False
2026-04-03,Sur Oriental,Guamaní,NORMAL,,79,17,3,99,0,ECOVIA,ESTACION,2026-04,2026-03-30,Vie,False
2026-04-03,Sur Oriental,Playón de la Marín,NORMAL,,69,9,2,80,0,ECOVIA,ESTACION,2026-04,2026-03-30,Vie,False
2026-04-03,Trole Norte,Labrador,NORMAL,,110,13,7,130,0,TROLEBUS,ESTACION,2026-04,2026-03-30,Vie,False
2026-04-03,Trole Sur,El Recreo,NORMAL,,149,69,7,225,0,TROLEBUS,ESTACION,2026-04,2026-03-30,Vie,True
2026-04-03,Trole Sur,Quitumbe,NORMAL,,79,24,2,105,0,TROLEBUS,TERMINAL,2026-04,2026-03-30,Vie,False
2026-04-04,Ecovía Norte,Río Coca,NORMAL,,154,21,5,180,0,ECOVIA,ESTACION,2026-04,2026-03-30,Sáb,True
2026-04-04,Sur Oriental,Guamaní,NORMAL,,95,30,1,126,0,ECOVIA,ESTACION,2026-04,2026-03-30,Sáb,False
2026-04-04,Sur Oriental,Playón de la Marín,NORMAL,,77,5,5,87,0,ECOVIA,ESTACION,2026-04,2026-03-30,Sáb,False
2026-04-04,Trole Norte,Labrador,NORMAL,,105,27,4,136,0,TROLEBUS,ESTACION,2026-04,2026-03-30,Sáb,False
2026-04-04,Trole Sur,El Recreo,NORMAL,,201,82,8,291,0,TROLEBUS,ESTACION,2026-04,2026-03-30,Sáb,True
2026-04-04,Trole Sur,Quitumbe,NORMAL,,80,20,4,104,0,TROLEBUS,TERMINAL,2026-04,2026-03-30,Sáb,False
2026-04-05,Ecovía Norte,Río Coca,NORMAL,,91,12,4,107,0,ECOVIA,ESTACION,2026-04,2026-03-30,Dom,False
2026-04-05,Sur Oriental,Guamaní,NORMAL,,55,19,3,77,0,ECOVIA,ESTACION,2026-04,2026-03-30,Dom,False
2026-04-05,Sur Oriental,Playón de la Marín,NORMAL,,63,11,3,77,0,ECOVIA,ESTACION,2026-04,2026-03-30,Dom,False
2026-04-05,Trole Norte,Labrador,NORMAL,,80,20,2,102,0,TROLEBUS,ESTACION,2026-04,2026-03-30,Dom,False
2026-04-05,Trole Sur,El Recreo,NORMAL,,141,43,8,192,0,TROLEBUS,ESTACION,2026-04,2026-03-30,Dom,True
2026-04-05,Trole Sur,Quitumbe,NORMAL,,45,10,0,55,0,TROLEBUS,TERMINAL,2026-04,2026-03-30,Dom,False
2026-04-06,Ecovía Norte,Río Coca,NORMAL,,179,25,7,211,10,ECOVIA,ESTACION,2026-04,2026-04-06,Lun,True
2026-04-06,Sur Oriental,Guamaní,NORMAL,,123,27,2,152,10,ECOVIA,ESTACION,2026-04,2026-04-06,Lun,False
2026-04-06,Sur Oriental,Playón de la Marín,NORMAL,,109,9,6,124,5,ECOVIA,ESTACION,2026-04,2026-04-06,Lun,False
2026-04-06,Trole Norte,Labrador,NORMAL,,179,23,5,207,20,TROLEBUS,ESTACION,2026-04,2026-04-06,Lun,True
2026-04-06,Trole Sur,El Recreo,NORMAL,,239,63,10,312,16,TROLEBUS,ESTACION,2026-04,2026-04-06,Lun,True
2026-04-06,Trole Sur,Quitumbe,NORMAL,,106,30,2,138,16,TROLEBUS,TERMINAL,2026-04,2026-04-06,Lun,True
2026-04-07,Ecovía Norte,Río Coca,NORMAL,,231,39,6,276,23,ECOVIA,ESTACION,2026-04,2026-04-06,Mar,True
2026-04-07,Sur Oriental,Guamaní,NORMAL,,92,20,4,116,10,ECOVIA,ESTACION,2026-04,2026-04-06,Mar,False
2026-04-07,Sur Oriental,Playón de la Marín,NORMAL,,168,7,8,183,30,ECOVIA,ESTACION,2026-04,2026-04-06,Mar,True
2026-04-07,Trole Norte,Labrador,NORMAL,,114,19,2,135,28,TROLEBUS,ESTACION,2026-04,2026-04-06,Mar,False
2026-04-07,Trole Sur,El Recreo,NORMAL,,258,75,15,348,30,TROLEBUS,ESTACION,2026-04,2026-04-06,Mar,True
2026-04-07,Trole Sur,Quitumbe,NORMAL,,84,32,5,121,2,TROLEBUS,TERMINAL,2026-04,2026-04-06,Mar,True
2026-04-08,Ecovía Norte,Río Coca,NORMAL,,197,34,4,235,16,ECOVIA,ESTACION,2026-04,2026-04-06,Mié,True
2026-04-08,Sur Oriental,Guamaní,NORMAL,,63,16,0,79,12,ECOVIA,ESTACION,2026-04,2026-04-06,Mié,False
2026-04-08,Sur Oriental,Playón de la Marín,NORMAL,,128,15,4,147,21,ECOVIA,ESTACION,2026-04,2026-04-06,Mié,False
2026-04-08,Trole Norte,Labrador,NORMAL,,174,25,6,205,20,TROLEBUS,ESTACION,2026-04,2026-04-06,Mié,True
2026-04-08,Trole Sur,El Recreo,NORMAL,,229,53,8,290,26,TROLEBUS,ESTACION,2026-04,2026-04-06,Mié,True
2026-04-08,Trole Sur,Quitumbe,NORMAL,,100,23,5,128,16,TROLEBUS,TERMINAL,2026-04,2026-04-06,Mié,True
2026-04-09,Ecovía Norte,Río Coca,NORMAL,,164,12,2,178,19,ECOVIA,ESTACION,2026-04,2026-04-06,Jue,True
2026-04-09,Sur Oriental,Guamaní,NORMAL,,79,25,2,106,8,ECOVIA,ESTACION,2026-04,2026-04-06,Jue,False
2026-04-09,Sur Oriental,Playón de la Marín,NORMAL,,123,4,2,129,19,ECOVIA,ESTACION,2026-04,2026-04-06,Jue,False
2026-04-09,Trole Norte,Labrador,NORMAL,,169,25,8,202,26,TROLEBUS,ESTACION,2026-04,2026-04-06,Jue,True
2026-04-09,Trole Sur,El Recreo,NORMAL,,201,67,11,279,18,TROLEBUS,ESTACION,2026-04,2026-04-06,Jue,True
2026-04-09,Trole Sur,Quitumbe,NORMAL,,114,39,4,157,9,TROLEBUS,TERMINAL,2026-04,2026-04-06,Jue,True
2026-04-10,Ecovía Norte,Río Coca,NORMAL,3001,158,23,6,187,12,ECOVIA,ESTACION,2026-04,2026-04-06,Vie,True
2026-04-10,Sur Oriental,Guamaní,NORMAL,0002,56,15,1,72,4,ECOVIA,ESTACION,2026-04,2026-04-06,Vie,False
2026-04-10,Sur Oriental,Playón de la Marín,NORMAL,0001,88,16,1,105,7,ECOVIA,ESTACION,2026-04,2026-04-06,Vie,False
2026-04-10,Trole Norte,Labrador,NORMAL,2001,149,32,12,193,21,TROLEBUS,ESTACION,2026-04,2026-04-06,Vie,True
2026-04-10,Trole Sur,El Recreo,NORMAL,1002,221,75,5,301,23,TROLEBUS,ESTACION,2026-04,2026-04-06,Vie,True
2026-04-10,Trole Sur,Quitumbe,NORMAL,1001,75,25,4,104,3,TROLEBUS,TERMINAL,2026-04,2026-04-06,Vie,False
2026-04-11,Ecovía Norte,Río Coca,NORMAL,3002,114,20,3,137,0,ECOVIA,ESTACION,2026-04,2026-04-06,Sáb,False
2026-04-11,Sur Oriental,Guamaní,NORMAL,0004,43,14,2,59,0,ECOVIA,ESTACION,2026-04,2026-04-06,Sáb,False
2026-04-11,Sur Oriental,Playón de la Marín,NORMAL,0003,86,7,3,96,0,ECOVIA,ESTACION,2026-04,2026-04-06,Sáb,False
2026-04-11,Trole Norte,Labrador,NORMAL,2002,89,21,4,114,0,TROLEBUS,ESTACION,2026-04,2026-04-06,Sáb,False
2026-04-11,Trole Sur,El Recreo,NORMAL,1004,149,43,5,197,0,TROLEBUS,ESTACION,2026-04,2026-04-06,Sáb,True
2026-04-11,Trole Sur,Quitumbe,NORMAL,1003,57,15,3,75,0,TROLEBUS,TERMINAL,2026-04,2026-04-06,Sáb,False
2026-04-12,Ecovía Norte,Río Coca,NORMAL,3003,50,5,1,56,0,ECOVIA,ESTACION,2026-04,2026-04-06,Dom,False
2026-04-12,Sur Oriental,Guamaní,NORMAL,0006,39,12,0,51,0,ECOVIA,ESTACION,2026-04,2026-04-06,Dom,False
2026-04-12,Sur Oriental,Playón de la Marín,NORMAL,0005,44,5,2,51,0,ECOVIA,ESTACION,2026-04,2026-04-06,Dom,False
2026-04-12,Trole Norte,Labrador,NORMAL,2003,86,20,7,113,0,TROLEBUS,ESTACION,2026-04,2026-04-06,Dom,False
2026-04-12,Trole Sur,El Recreo,NORMAL,1006,132,34,2,168,0,TROLEBUS,ESTACION,2026-04,2026-04-06,Dom,False
2026-04-12,Trole Sur,Quitumbe,NORMAL,1005,34,12,1,47,0,TROLEBUS,TERMINAL,2026-04,2026-04-06,Dom,False
2026-04-13,Ecovía Norte,Río Coca,NORMAL,3004,126,26,4,156,4,ECOVIA,ESTACION,2026-04,2026-04-13,Lun,False
2026-04-13,Sur Oriental,Guamaní,NORMAL,0008,44,12,2,58,7,ECOVIA,ESTACION,2026-04,2026-04-13,Lun,False
2026-04-13,Sur Oriental,Playón de la Marín,NORMAL,0007,79,6,4,89,13,ECOVIA,ESTACION,2026-04,2026-04-13,Lun,False
2026-04-13,Trole Norte,Labrador,NORMAL,2004,120,20,11,151,26,TROLEBUS,ESTACION,2026-04,2026-04-13,Lun,False
2026-04-13,Trole Sur,El Recreo,NORMAL,1008,197,37,12,246,40,TROLEBUS,ESTACION,2026-04,2026-04-13,Lun,True
2026-04-13,Trole Sur,Quitumbe,NORMAL,1007,78,9,3,90,4,TROLEBUS,TERMINAL,2026-04,2026-04-13,Lun,False
2026-04-14,Ecovía Norte,Río Coca,NORMAL,3005,124,12,0,136,12,ECOVIA,ESTACION,2026-04,2026-04-13,Mar,False
2026-04-14,Sur Oriental,Guamaní,NORMAL,0010,39,12,1,52,5,ECOVIA,ESTACION,2026-04,2026-04-13,Mar,False
2026-04-14,Sur Oriental,Playón de la Marín,NORMAL,0009,110,5,5,120,7,ECOVIA,ESTACION,2026-04,2026-04-13,Mar,False
2026-04-14,Trole Norte,Labrador,NORMAL,2005,129,15,4,148,20,TROLEBUS,ESTACION,2026-04,2026-04-13,Mar,False
2026-04-14,Trole Sur,El Recreo,NORMAL,1010,232,45,3,280,20,TROLEBUS,ESTACION,2026-04,2026-04-13,Mar,True
2026-04-14,Trole Sur,Quitumbe,NORMAL,1009,69,28,1,98,6,TROLEBUS,TERMINAL,2026-04,2026-04-13,Mar,False
2026-04-15,Ecovía Norte,Río Coca,NORMAL,3006,123,28,4,155,13,ECOVIA,ESTACION,2026-04,2026-04-13,Mié,False
2026-04-15,Sur Oriental,Guamaní,NORMAL,0012,35,5,6,46,9,ECOVIA,ESTACION,2026-04,2026-04-13,Mié,False
2026-04-15,Sur Oriental,Playón de la Marín,NORMAL,0011,96,13,2,111,0,ECOVIA,ESTACION,2026-04,2026-04-13,Mié,False
2026-04-15,Trole Norte,Labrador,NORMAL,2006,118,27,5,150,15,TROLEBUS,ESTACION,2026-04,2026-04-13,Mié,False
2026-04-15,Trole Sur,El Recreo,NORMAL,1012,178,47,17,242,20,TROLEBUS,ESTACION,2026-04,2026-04-13,Mié,True
2026-04-15,Trole Sur,Quitumbe,NORMAL,1011,49,16,3,68,5,TROLEBUS,TERMINAL,2026-04,2026-04-13,Mié,False
2026-04-16,Ecovía Norte,Río Coca,NORMAL,3007,141,18,2,161,6,ECOVIA,ESTACION,2026-04,2026-04-13,Jue,False
2026-04-16,Sur Oriental,Guamaní,NORMAL,0014,40,4,1,45,6,ECOVIA,ESTACION,2026-04,2026-04-13,Jue,False
2026-04-16,Sur Oriental,Playón de la Marín,NORMAL,0013,76,11,2,89,8,ECOVIA,ESTACION,2026-04,2026-04-13,Jue,False
2026-04-16,Trole Norte,Labrador,NORMAL,2007,137,25,6,168,13,TROLEBUS,ESTACION,2026-04,2026-04-13,Jue,False
2026-04-16,Trole Sur,El Recreo,NORMAL,1013,172,52,7,231,11,TROLEBUS,ESTACION,2026-04,2026-04-13,Jue,True
2026-04-16,Trole Sur,Quitumbe,NORMAL,1012,62,11,1,74,10,TROLEBUS,TERMINAL,2026-04,2026-04-13,Jue,False
2026-04-17,Ecovía Norte,Río Coca,NORMAL,3008,112,13,0,125,3,ECOVIA,ESTACION,2026-04,2026-04-13,Vie,False
2026-04-17,Sur Oriental,Guamaní,NORMAL,0016,53,19,1,73,4,ECOVIA,ESTACION,2026-04,2026-04-13,Vie,False
2026-04-17,Sur Oriental,Playón de la Marín,NORMAL,0015,86,10,3,99,11,ECOVIA,ESTACION,2026-04,2026-04-13,Vie,False
2026-04-17,Trole Norte,Labrador,NORMAL,2008,179,25,4,208,24,TROLEBUS,ESTACION,2026-04,2026-04-13,Vie,True
2026-04-17,Trole Sur,El Recreo,NORMAL,1015,169,32,6,207,11,TROLEBUS,ESTACION,2026-04,2026-04-13,Vie,True
2026-04-17,Trole Sur,Quitumbe,NORMAL,1014,92,12,3,107,10,TROLEBUS,TERMINAL,2026-04,2026-04-13,Vie,False
2026-04-18,Ecovía Norte,Río Coca,NORMAL,3009,82,20,0,102,0,ECOVIA,ESTACION,2026-04,2026-04-13,Sáb,False
2026-04-18,Sur Oriental,Guamaní,NORMAL,0018,33,8,1,42,0,ECOVIA,ESTACION,2026-04,2026-04-13,Sáb,False
2026-04-18,Sur Oriental,Playón de la Marín,NORMAL,0017,71,7,2,80,0,ECOVIA,ESTACION,2026-04,2026-04-13,Sáb,False
2026-04-18,Trole Norte,Labrador,NORMAL,2009,0,0,0,0,0,TROLEBUS,ESTACION,2026-04,2026-04-13,Sáb,False
2026-04-18,Trole Sur,El Recreo,NORMAL,1018,137,36,6,179,0,TROLEBUS,ESTACION,2026-04,2026-04-13,Sáb,True
2026-04-18,Trole Sur,Mercado Mayorista,EVENTO,1017,167,36,8,211,0,TROLEBUS,EVENTO,2026-04,2026-04-13,Sáb,False
2026-04-18,Trole Sur,Quitumbe,NORMAL,1016,41,11,0,52,0,TROLEBUS,TERMINAL,2026-04,2026-04-13,Sáb,False
2026-04-19,Ecovía Norte,Río Coca,NORMAL,3010,53,6,0,59,0,ECOVIA,ESTACION,2026-04,2026-04-13,Dom,False
2026-04-19,Sur Oriental,Guamaní,NORMAL,0020,36,10,1,47,0,ECOVIA,ESTACION,2026-04,2026-04-13,Dom,False
2026-04-19,Sur Oriental,Playón de la Marín,NORMAL,0019,36,6,2,44,0,ECOVIA,ESTACION,2026-04,2026-04-13,Dom,False
2026-04-19,Trole Norte,Labrador,NORMAL,2010,63,11,3,77,0,TROLEBUS,ESTACION,2026-04,2026-04-13,Dom,False
2026-04-19,Trole Sur,El Recreo,NORMAL,1020,126,29,5,160,0,TROLEBUS,ESTACION,2026-04,2026-04-13,Dom,False
2026-04-19,Trole Sur,Quitumbe,NORMAL,1019,30,8,1,39,0,TROLEBUS,TERMINAL,2026-04,2026-04-13,Dom,False
2026-04-20,Ecovía Norte,Río Coca,NORMAL,3011,111,14,1,126,10,ECOVIA,ESTACION,2026-04,2026-04-20,Lun,False
2026-04-20,Sur Oriental,Guamaní,NORMAL,0022,50,7,1,58,8,ECOVIA,ESTACION,2026-04,2026-04-20,Lun,False
2026-04-20,Sur Oriental,Playón de la Marín,NORMAL,0021,106,9,6,121,16,ECOVIA,ESTACION,2026-04,2026-04-20,Lun,False
2026-04-20,Trole Norte,Labrador,NORMAL,2011,115,19,6,140,21,TROLEBUS,ESTACION,2026-04,2026-04-20,Lun,False
2026-04-20,Trole Sur,El Recreo,NORMAL,1022,150,46,10,206,20,TROLEBUS,ESTACION,2026-04,2026-04-20,Lun,True
2026-04-20,Trole Sur,La Bota,EVENTO,1023,190,60,6,256,0,TROLEBUS,EVENTO,2026-04,2026-04-20,Lun,False
2026-04-20,Trole Sur,Quitumbe,NORMAL,1021,76,17,3,96,2,TROLEBUS,TERMINAL,2026-04,2026-04-20,Lun,False
2026-04-21,Ecovía Norte,Río Coca,NORMAL,3012,92,14,5,111,16,ECOVIA,ESTACION,2026-04,2026-04-20,Mar,False
2026-04-21,Sur Oriental,Guamaní,NORMAL,0024,42,6,1,49,7,ECOVIA,ESTACION,2026-04,2026-04-20,Mar,False
2026-04-21,Sur Oriental,Playón de la Marín,NORMAL,0023,92,13,7,112,19,ECOVIA,ESTACION,2026-04,2026-04-20,Mar,False
2026-04-21,Trole Norte,Labrador,NORMAL,2012,140,13,7,160,21,TROLEBUS,ESTACION,2026-04,2026-04-20,Mar,False
2026-04-21,Trole Sur,El Recreo,NORMAL,1025,146,39,8,193,18,TROLEBUS,ESTACION,2026-04,2026-04-20,Mar,True
2026-04-21,Trole Sur,Quitumbe,NORMAL,1024,68,16,3,87,3,TROLEBUS,TERMINAL,2026-04,2026-04-20,Mar,False
2026-04-22,Ecovía Norte,Río Coca,NORMAL,3013,74,13,7,94,5,ECOVIA,ESTACION,2026-04,2026-04-20,Mié,False
2026-04-22,Sur Oriental,Guamaní,NORMAL,0026,39,11,0,50,4,ECOVIA,ESTACION,2026-04,2026-04-20,Mié,False
2026-04-22,Sur Oriental,Playón de la Marín,NORMAL,0025,67,7,3,77,11,ECOVIA,ESTACION,2026-04,2026-04-20,Mié,False
2026-04-22,Trole Norte,Labrador,NORMAL,2013,110,22,5,137,14,TROLEBUS,ESTACION,2026-04,2026-04-20,Mié,False
2026-04-22,Trole Sur,El Recreo,NORMAL,1027,146,36,5,187,16,TROLEBUS,ESTACION,2026-04,2026-04-20,Mié,True
2026-04-22,Trole Sur,Quitumbe,NORMAL,1026,68,21,3,92,10,TROLEBUS,TERMINAL,2026-04,2026-04-20,Mié,False
2026-04-23,Ecovía Norte,Río Coca,NORMAL,3014,79,20,0,99,3,ECOVIA,ESTACION,2026-04,2026-04-20,Jue,False
2026-04-23,Sur Oriental,Guamaní,NORMAL,0028,28,8,0,36,6,ECOVIA,ESTACION,2026-04,2026-04-20,Jue,False
2026-04-23,Sur Oriental,Playón de la Marín,NORMAL,0027,55,7,2,64,16,ECOVIA,ESTACION,2026-04,2026-04-20,Jue,False
2026-04-23,Trole Norte,Labrador,NORMAL,2014,94,12,2,108,6,TROLEBUS,ESTACION,2026-04,2026-04-20,Jue,False
2026-04-23,Trole Sur,El Recreo,NORMAL,1029,102,24,4,130,9,TROLEBUS,ESTACION,2026-04,2026-04-20,Jue,False
2026-04-23,Trole Sur,Mercado Mayorista,EVENTO,1030,124,29,5,158,0,TROLEBUS,EVENTO,2026-04,2026-04-20,Jue,False
2026-04-23,Trole Sur,Quitumbe,NORMAL,1028,44,13,0,57,10,TROLEBUS,TERMINAL,2026-04,2026-04-20,Jue,False
2026-04-24,Ecovía Norte,Río Coca,NORMAL,3015,86,11,3,100,16,ECOVIA,ESTACION,2026-04,2026-04-20,Vie,False
2026-04-24,Sur Oriental,Guamaní,NORMAL,0030,33,9,1,43,7,ECOVIA,ESTACION,2026-04,2026-04-20,Vie,False
2026-04-24,Sur Oriental,Playón de la Marín,NORMAL,0029,60,8,1,69,8,ECOVIA,ESTACION,2026-04,2026-04-20,Vie,False
2026-04-24,Trole Norte,Labrador,NORMAL,2015,100,18,6,124,11,TROLEBUS,ESTACION,2026-04,2026-04-20,Vie,False
2026-04-24,Trole Sur,El Recreo,NORMAL,1032,110,28,3,141,22,TROLEBUS,ESTACION,2026-04,2026-04-20,Vie,False
2026-04-24,Trole Sur,Quitumbe,NORMAL,1031,40,4,4,48,3,TROLEBUS,TERMINAL,2026-04,2026-04-20,Vie,False
2026-04-25,Ecovía Norte,Río Coca,NORMAL,3016,45,3,2,50,0,ECOVIA,ESTACION,2026-04,2026-04-20,Sáb,False
2026-04-25,Sur Oriental,Guamaní,NORMAL,0032,13,7,0,20,0,ECOVIA,ESTACION,2026-04,2026-04-20,Sáb,False
2026-04-25,Sur Oriental,Playón de la Marín,NORMAL,0031,44,9,0,53,0,ECOVIA,ESTACION,2026-04,2026-04-20,Sáb,False
2026-04-25,Trole Norte,Labrador,NORMAL,2016,73,10,1,84,0,TROLEBUS,ESTACION,2026-04,2026-04-20,Sáb,False
2026-04-25,Trole Sur,El Recreo,NORMAL,1034,68,22,6,96,0,TROLEBUS,ESTACION,2026-04,2026-04-20,Sáb,False
2026-04-25,Trole Sur,Nueva Aurora,EVENTO,1035,173,95,10,278,0,TROLEBUS,EVENTO,2026-04,2026-04-20,Sáb,False
2026-04-25,Trole Sur,Quitumbe,NORMAL,1033,36,8,0,44,0,TROLEBUS,TERMINAL,2026-04,2026-04-20,Sáb,False
2026-04-25,Trole Sur,San Blas,EVENTO,1036,29,7,3,39,0,TROLEBUS,EVENTO,2026-04,2026-04-20,Sáb,False
2026-04-26,Ecovía Norte,Río Coca,NORMAL,3017,23,4,1,28,0,ECOVIA,ESTACION,2026-04,2026-04-20,Dom,False
2026-04-26,Sur Oriental,Guamaní,NORMAL,0034,12,1,0,13,0,ECOVIA,ESTACION,2026-04,2026-04-20,Dom,False
2026-04-26,Sur Oriental,Playón de la Marín,NORMAL,0033,19,3,2,24,0,ECOVIA,ESTACION,2026-04,2026-04-20,Dom,False
2026-04-26,Trole Norte,Labrador,NORMAL,2017,42,14,3,59,0,TROLEBUS,ESTACION,2026-04,2026-04-20,Dom,False
2026-04-26,Trole Sur,El Recreo,NORMAL,1038,46,14,1,61,0,TROLEBUS,ESTACION,2026-04,2026-04-20,Dom,False
2026-04-26,Trole Sur,Martha Bucaram,EVENTO,1039,132,60,5,197,0,TROLEBUS,EVENTO,2026-04,2026-04-20,Dom,False
2026-04-26,Trole Sur,Quitumbe,NORMAL,1037,15,3,1,19,0,TROLEBUS,TERMINAL,2026-04,2026-04-20,Dom,False
2026-04-27,Ecovía Norte,Río Coca,NORMAL,3018,58,12,1,71,0,ECOVIA,ESTACION,2026-04,2026-04-27,Lun,False
2026-04-27,Sur Oriental,Guamaní,NORMAL,0036,22,8,0,30,0,ECOVIA,ESTACION,2026-04,2026-04-27,Lun,False
2026-04-27,Sur Oriental,Playón de la Marín,NORMAL,0035,32,6,1,39,0,ECOVIA,ESTACION,2026-04,2026-04-27,Lun,False
2026-04-27,Trole Norte,Labrador,NORMAL,2018,64,15,6,85,0,TROLEBUS,ESTACION,2026-04,2026-04-27,Lun,False
2026-04-27,Trole Sur,El Ejido,EVENTO,1042,105,32,4,141,0,TROLEBUS,EVENTO,2026-04,2026-04-27,Lun,False
2026-04-27,Trole Sur,El Recreo,NORMAL,1041,76,31,1,108,0,TROLEBUS,ESTACION,2026-04,2026-04-27,Lun,False
2026-04-27,Trole Sur,Quitumbe,NORMAL,1040,30,7,1,38,0,TROLEBUS,TERMINAL,2026-04,2026-04-27,Lun,False
2026-04-28,Ecovía Norte,Río Coca,NORMAL,3019,54,12,4,70,0,ECOVIA,ESTACION,2026-04,2026-04-27,Mar,False
2026-04-28,Sur Oriental,Guamaní,NORMAL,0038,13,4,2,19,0,ECOVIA,ESTACION,2026-04,2026-04-27,Mar,False
2026-04-28,Sur Oriental,Playón de la Marín,NORMAL,0037,38,5,3,46,0,ECOVIA,ESTACION,2026-04,2026-04-27,Mar,False
2026-04-28,Trole Norte,Labrador,NORMAL,2019,72,16,5,93,0,TROLEBUS,ESTACION,2026-04,2026-04-27,Mar,False
2026-04-28,Trole Sur,Centro Histórico,EVENTO,1046,27,5,1,33,0,TROLEBUS,EVENTO,2026-04,2026-04-27,Mar,False
2026-04-28,Trole Sur,El Recreo,NORMAL,1044,75,30,4,109,0,TROLEBUS,ESTACION,2026-04,2026-04-27,Mar,False
2026-04-28,Trole Sur,Mercado Mayorista,EVENTO,1045,88,35,0,123,0,TROLEBUS,EVENTO,2026-04,2026-04-27,Mar,False
2026-04-28,Trole Sur,Quitumbe,NORMAL,1043,19,11,1,31,0,TROLEBUS,TERMINAL,2026-04,2026-04-27,Mar,False
2026-04-29,Ecovía Norte,Río Coca,NORMAL,3020,45,11,4,60,0,ECOVIA,ESTACION,2026-04,2026-04-27,Mié,False
2026-04-29,Sur Oriental,Guamaní,NORMAL,0040,18,4,1,23,0,ECOVIA,ESTACION,2026-04,2026-04-27,Mié,False
2026-04-29,Sur Oriental,Playón de la Marín,NORMAL,0039,47,10,3,60,0,ECOVIA,ESTACION,2026-04,2026-04-27,Mié,False
2026-04-29,Trole Norte,Labrador,NORMAL,2020,78,19,3,100,0,TROLEBUS,ESTACION,2026-04,2026-04-27,Mié,False
2026-04-29,Trole Sur,El Inca,EVENTO,1048,15,7,8,30,0,TROLEBUS,EVENTO,2026-04,2026-04-27,Mié,False
2026-04-29,Trole Sur,El Recreo,NORMAL,1049,100,41,7,148,0,TROLEBUS,ESTACION,2026-04,2026-04-27,Mié,False
2026-04-29,Trole Sur,Quitumbe,NORMAL,1047,41,5,2,48,0,TROLEBUS,TERMINAL,2026-04,2026-04-27,Mié,False
2026-04-30,Ecovía Norte,Río Coca,NORMAL,3021,43,5,1,49,0,ECOVIA,ESTACION,2026-04,2026-04-27,Jue,False
2026-04-30,Sur Oriental,Guamaní,NORMAL,0042,35,7,1,43,0,ECOVIA,ESTACION,2026-04,2026-04-27,Jue,False
2026-04-30,Sur Oriental,Playón de la Marín,NORMAL,0041,44,10,1,55,0,ECOVIA,ESTACION,2026-04,2026-04-27,Jue,False
2026-04-30,Trole Norte,Labrador,NORMAL,2021,78,19,1,98,0,TROLEBUS,ESTACION,2026-04,2026-04-27,Jue,False
2026-04-30,Trole Sur,Alcaldía,EVENTO,1052,202,63,15,280,0,TROLEBUS,EVENTO,2026-04,2026-04-27,Jue,False
2026-04-30,Trole Sur,El Recreo,NORMAL,1051,82,39,4,125,0,TROLEBUS,ESTACION,2026-04,2026-04-27,Jue,False
2026-04-30,Trole Sur,Quitumbe,NORMAL,1050,24,11,1,36,0,TROLEBUS,TERMINAL,2026-04,2026-04-27,Jue,False
2026-04-30,Trole Sur,Recreo,EVENTO,1053,67,25,2,94,0,TROLEBUS,EVENTO,2026-04,2026-04-27,Jue,False
2026-05-01,Ecovía Norte,Río Coca,NORMAL,3022,35,6,1,42,0,ECOVIA,ESTACION,2026-05,2026-04-27,Vie,False
2026-05-01,Sur Oriental,Guamaní,NORMAL,0044,29,6,3,38,0,ECOVIA,ESTACION,2026-05,2026-04-27,Vie,False
2026-05-01,Sur Oriental,Playón de la Marín,NORMAL,0043,39,7,1,47,0,ECOVIA,ESTACION,2026-05,2026-04-27,Vie,False
2026-05-01,Trole Norte,Labrador,NORMAL,2022,78,23,2,103,0,TROLEBUS,ESTACION,2026-05,2026-04-27,Vie,False
2026-05-01,Trole Sur,El Recreo,NORMAL,1055,69,26,0,95,0,TROLEBUS,ESTACION,2026-05,2026-04-27,Vie,False
2026-05-01,Trole Sur,Quitumbe,NORMAL,1054,25,5,1,31,0,TROLEBUS,TERMINAL,2026-05,2026-04-27,Vie,False
2026-05-01,Trole Sur,Recreo,EVENTO,1056,198,47,3,248,0,TROLEBUS,EVENTO,2026-05,2026-04-27,Vie,False
2026-05-02,Ecovía Norte,Río Coca,NORMAL,3023,38,7,2,47,0,ECOVIA,ESTACION,2026-05,2026-04-27,Sáb,False
2026-05-02,Sur Oriental,Guamaní,NORMAL,0046,22,10,3,35,0,ECOVIA,ESTACION,2026-05,2026-04-27,Sáb,False
2026-05-02,Sur Oriental,Playón de la Marín,NORMAL,0045,38,4,0,42,0,ECOVIA,ESTACION,2026-05,2026-04-27,Sáb,False
2026-05-02,Trole Norte,Labrador,NORMAL,2023,69,13,0,82,0,TROLEBUS,ESTACION,2026-05,2026-04-27,Sáb,False
2026-05-02,Trole Sur,Centro Histórico,EVENTO,1060,242,54,10,306,0,TROLEBUS,EVENTO,2026-05,2026-04-27,Sáb,False
2026-05-02,Trole Sur,El Recreo,NORMAL,1058,72,24,7,103,0,TROLEBUS,ESTACION,2026-05,2026-04-27,Sáb,False
2026-05-02,Trole Sur,La Carolina,EVENTO,1059,146,35,4,185,0,TROLEBUS,EVENTO,2026-05,2026-04-27,Sáb,False
2026-05-02,Trole Sur,Quitumbe,NORMAL,1057,12,9,1,22,0,TROLEBUS,TERMINAL,2026-05,2026-04-27,Sáb,False
2026-05-03,Ecovía Norte,Río Coca,NORMAL,3024,30,6,0,36,0,ECOVIA,ESTACION,2026-05,2026-04-27,Dom,False
2026-05-03,Sur Oriental,Guamaní,NORMAL,0048,20,9,0,29,0,ECOVIA,ESTACION,2026-05,2026-04-27,Dom,False
2026-05-03,Sur Oriental,Playón de la Marín,NORMAL,0047,26,9,3,38,0,ECOVIA,ESTACION,2026-05,2026-04-27,Dom,False
2026-05-03,Trole Norte,Labrador,NORMAL,2024,47,9,2,58,0,TROLEBUS,ESTACION,2026-05,2026-04-27,Dom,False
2026-05-03,Trole Sur,El Recreo,NORMAL,1062,87,22,4,113,0,TROLEBUS,ESTACION,2026-05,2026-04-27,Dom,False
2026-05-03,Trole Sur,Quitumbe,NORMAL,1061,44,14,1,59,0,TROLEBUS,TERMINAL,2026-05,2026-04-27,Dom,False
2026-05-04,Ecovía Norte,Río Coca,NORMAL,3025,61,14,2,77,0,ECOVIA,ESTACION,2026-05,2026-05-04,Lun,False
2026-05-04,Sur Oriental,Guamaní,NORMAL,0050,30,8,1,39,0,ECOVIA,ESTACION,2026-05,2026-05-04,Lun,False
2026-05-04,Sur Oriental,Playón de la Marín,NORMAL,0049,50,5,2,57,0,ECOVIA,ESTACION,2026-05,2026-05-04,Lun,False
2026-05-04,Trole Norte,Labrador,NORMAL,2025,92,19,4,115,0,TROLEBUS,ESTACION,2026-05,2026-05-04,Lun,False
2026-05-04,Trole Sur,El Recreo,NORMAL,1064,124,39,3,166,0,TROLEBUS,ESTACION,2026-05,2026-05-04,Lun,False
2026-05-04,Trole Sur,Quitumbe,NORMAL,1063,39,9,3,51,0,TROLEBUS,TERMINAL,2026-05,2026-05-04,Lun,False
2026-05-05,Ecovía Norte,Río Coca,NORMAL,3026,77,9,4,90,0,ECOVIA,ESTACION,2026-05,2026-05-04,Mar,False
2026-05-05,Sur Oriental,Guamaní,NORMAL,0052,23,11,2,36,0,ECOVIA,ESTACION,2026-05,2026-05-04,Mar,False
2026-05-05,Sur Oriental,Playón de la Marín,NORMAL,0051,44,5,0,49,0,ECOVIA,ESTACION,2026-05,2026-05-04,Mar,False
2026-05-05,Trole Norte,Labrador,NORMAL,2026,74,8,2,84,0,TROLEBUS,ESTACION,2026-05,2026-05-04,Mar,False
2026-05-05,Trole Sur,El Recreo,NORMAL,1066,113,24,7,144,0,TROLEBUS,ESTACION,2026-05,2026-05-04,Mar,False
2026-05-05,Trole Sur,Quitumbe,NORMAL,1065,68,6,1,75,0,TROLEBUS,TERMINAL,2026-05,2026-05-04,Mar,False
2026-05-06,Ecovía Norte,Río Coca,NORMAL,3027,59,6,2,67,0,ECOVIA,ESTACION,2026-05,2026-05-04,Mié,False
2026-05-06,Sur Oriental,Guamaní,NORMAL,0054,28,15,0,43,0,ECOVIA,ESTACION,2026-05,2026-05-04,Mié,False
2026-05-06,Sur Oriental,Playón de la Marín,NORMAL,0053,26,7,2,35,0,ECOVIA,ESTACION,2026-05,2026-05-04,Mié,False
2026-05-06,Trole Norte,Labrador,NORMAL,2027,75,12,5,92,0,TROLEBUS,ESTACION,2026-05,2026-05-04,Mié,False
2026-05-06,Trole Sur,El Recreo,NORMAL,1068,105,44,4,153,0,TROLEBUS,ESTACION,2026-05,2026-05-04,Mié,False
2026-05-06,Trole Sur,Quitumbe,NORMAL,1067,35,15,1,51,0,TROLEBUS,TERMINAL,2026-05,2026-05-04,Mié,False
2026-05-07,Ecovía Norte,Río Coca,NORMAL,3028,52,13,0,65,0,ECOVIA,ESTACION,2026-05,2026-05-04,Jue,False
2026-05-07,Sur Oriental,Guamaní,NORMAL,0056,24,5,0,29,0,ECOVIA,ESTACION,2026-05,2026-05-04,Jue,False
2026-05-07,Sur Oriental,Playón de la Marín,NORMAL,0055,21,3,0,24,0,ECOVIA,ESTACION,2026-05,2026-05-04,Jue,False
2026-05-07,Trole Norte,Labrador,NORMAL,2028,57,3,1,61,0,TROLEBUS,ESTACION,2026-05,2026-05-04,Jue,False
2026-05-07,Trole Sur,CEAM Quitumbe,EVENTO,1071,103,67,6,176,0,TROLEBUS,EVENTO,2026-05,2026-05-04,Jue,False
2026-05-07,Trole Sur,El Recreo,NORMAL,1070,109,30,7,146,0,TROLEBUS,ESTACION,2026-05,2026-05-04,Jue,False
2026-05-07,Trole Sur,Quitumbe,NORMAL,1069,17,6,1,24,0,TROLEBUS,TERMINAL,2026-05,2026-05-04,Jue,False
2026-05-08,Ecovía Norte,Río Coca,NORMAL,3029,45,8,4,57,0,ECOVIA,ESTACION,2026-05,2026-05-04,Vie,False
2026-05-08,Sur Oriental,Guamaní,NORMAL,0058,28,3,1,32,0,ECOVIA,ESTACION,2026-05,2026-05-04,Vie,False
2026-05-08,Sur Oriental,Playón de la Marín,NORMAL,0057,25,3,6,34,0,ECOVIA,ESTACION,2026-05,2026-05-04,Vie,False
2026-05-08,Trole Norte,Labrador,NORMAL,2029,46,11,5,62,0,TROLEBUS,ESTACION,2026-05,2026-05-04,Vie,False
2026-05-08,Trole Sur,El Recreo,NORMAL,1073,100,28,4,132,0,TROLEBUS,ESTACION,2026-05,2026-05-04,Vie,False
2026-05-08,Trole Sur,Mercado Iñaquito,EVENTO,1074,150,41,12,203,0,TROLEBUS,EVENTO,2026-05,2026-05-04,Vie,False
2026-05-08,Trole Sur,Quitumbe,NORMAL,1072,34,14,5,53,0,TROLEBUS,TERMINAL,2026-05,2026-05-04,Vie,False
2026-05-09,Ecovía Norte,Río Coca,NORMAL,3030,41,3,2,46,0,ECOVIA,ESTACION,2026-05,2026-05-04,Sáb,False
2026-05-09,Sur Oriental,Guamaní,NORMAL,0060,17,3,0,20,0,ECOVIA,ESTACION,2026-05,2026-05-04,Sáb,False
2026-05-09,Sur Oriental,Playón de la Marín,NORMAL,0059,32,0,0,32,0,ECOVIA,ESTACION,2026-05,2026-05-04,Sáb,False
2026-05-09,Trole Norte,Labrador,NORMAL,2030,67,15,1,83,0,TROLEBUS,ESTACION,2026-05,2026-05-04,Sáb,False
2026-05-09,Trole Sur,Centro Histórico Plaza Grande,EVENTO,1077,194,87,11,292,0,TROLEBUS,EVENTO,2026-05,2026-05-04,Sáb,False
2026-05-09,Trole Sur,El Recreo,NORMAL,1076,76,21,9,106,0,TROLEBUS,ESTACION,2026-05,2026-05-04,Sáb,False
2026-05-09,Trole Sur,Las Casas,EVENTO,1078,78,27,6,111,0,TROLEBUS,EVENTO,2026-05,2026-05-04,Sáb,False
2026-05-09,Trole Sur,Quitumbe,NORMAL,1075,30,8,2,40,0,TROLEBUS,TERMINAL,2026-05,2026-05-04,Sáb,False
2026-05-10,Ecovía Norte,Río Coca,NORMAL,3031,14,3,0,17,0,ECOVIA,ESTACION,2026-05,2026-05-04,Dom,False
2026-05-10,Sur Oriental,Guamaní,NORMAL,0062,21,6,1,28,0,ECOVIA,ESTACION,2026-05,2026-05-04,Dom,False
2026-05-10,Sur Oriental,Playón de la Marín,NORMAL,0061,23,5,0,28,0,ECOVIA,ESTACION,2026-05,2026-05-04,Dom,False
2026-05-10,Trole Norte,Labrador,NORMAL,2031,36,11,2,49,0,TROLEBUS,ESTACION,2026-05,2026-05-04,Dom,False
2026-05-10,Trole Sur,Centro Histórico Plaza Grande,EVENTO,1081,148,60,15,223,0,TROLEBUS,EVENTO,2026-05,2026-05-04,Dom,False
2026-05-10,Trole Sur,El Recreo,NORMAL,1080,39,18,1,58,0,TROLEBUS,ESTACION,2026-05,2026-05-04,Dom,False
2026-05-10,Trole Sur,Quitumbe,NORMAL,1079,16,12,2,30,0,TROLEBUS,TERMINAL,2026-05,2026-05-04,Dom,False
2026-05-11,Ecovía Norte,Río Coca,NORMAL,3032,42,13,4,59,0,ECOVIA,ESTACION,2026-05,2026-05-11,Lun,False
2026-05-11,Sur Oriental,Guamaní,NORMAL,0064,20,5,0,25,0,ECOVIA,ESTACION,2026-05,2026-05-11,Lun,False
2026-05-11,Sur Oriental,Playón de la Marín,NORMAL,0063,35,4,1,40,0,ECOVIA,ESTACION,2026-05,2026-05-11,Lun,False
2026-05-11,Trole Norte,Labrador,NORMAL,2032,88,8,5,101,0,TROLEBUS,ESTACION,2026-05,2026-05-11,Lun,False
2026-05-11,Trole Sur,El Recreo,NORMAL,1082,64,23,1,88,0,TROLEBUS,ESTACION,2026-05,2026-05-11,Lun,False
2026-05-11,Trole Sur,La Delicia,EVENTO,1083,74,116,8,198,0,TROLEBUS,EVENTO,2026-05,2026-05-11,Lun,False
2026-05-11,Trole Sur,Quitumbe,NORMAL,1081,26,6,0,32,0,TROLEBUS,TERMINAL,2026-05,2026-05-11,Lun,False
2026-05-12,Ecovía Norte,Río Coca,NORMAL,3033,69,6,0,75,0,ECOVIA,ESTACION,2026-05,2026-05-11,Mar,False
2026-05-12,Sur Oriental,Guamaní,NORMAL,0066,20,8,1,29,0,ECOVIA,ESTACION,2026-05,2026-05-11,Mar,False
2026-05-12,Sur Oriental,Playón de la Marín,NORMAL,0065,39,2,1,42,0,ECOVIA,ESTACION,2026-05,2026-05-11,Mar,False
2026-05-12,Trole Norte,Labrador,NORMAL,2033,68,16,1,85,0,TROLEBUS,ESTACION,2026-05,2026-05-11,Mar,False
2026-05-12,Trole Sur,El Recreo,NORMAL,1085,89,21,6,116,0,TROLEBUS,ESTACION,2026-05,2026-05-11,Mar,False
2026-05-12,Trole Sur,Patronato,EVENTO,1086,54,4,3,61,0,TROLEBUS,EVENTO,2026-05,2026-05-11,Mar,False
2026-05-12,Trole Sur,Quitumbe,NORMAL,1084,29,8,2,39,0,TROLEBUS,TERMINAL,2026-05,2026-05-11,Mar,False
2026-05-13,Ecovía Norte,Río Coca,NORMAL,3033,46,6,0,52,0,ECOVIA,ESTACION,2026-05,2026-05-11,Mié,False
2026-05-13,Sur Oriental,Guamaní,NORMAL,0068,16,4,2,22,0,ECOVIA,ESTACION,2026-05,2026-05-11,Mié,False
2026-05-13,Sur Oriental,Playón de la Marín,NORMAL,0067,36,4,1,41,0,ECOVIA,ESTACION,2026-05,2026-05-11,Mié,False
2026-05-13,Trole Norte,Labrador,NORMAL,2034,54,6,1,61,0,TROLEBUS,ESTACION,2026-05,2026-05-11,Mié,False
2026-05-13,Trole Sur,El Recreo,NORMAL,1088,158,30,9,197,0,TROLEBUS,ESTACION,2026-05,2026-05-11,Mié,True
2026-05-13,Trole Sur,Quitumbe,NORMAL,1087,39,11,2,52,0,TROLEBUS,TERMINAL,2026-05,2026-05-11,Mié,False
2026-05-13,Trole Sur,Recreo 2,EVENTO,1089,5,2,0,7,0,TROLEBUS,EVENTO,2026-05,2026-05-11,Mié,False
2026-05-14,Ecovía Norte,Río Coca,NORMAL,3034,53,6,4,63,0,ECOVIA,ESTACION,2026-05,2026-05-11,Jue,False
2026-05-14,Sur Oriental,Guamaní,NORMAL,0070,13,4,1,18,0,ECOVIA,ESTACION,2026-05,2026-05-11,Jue,False
2026-05-14,Sur Oriental,Playón de la Marín,NORMAL,0069,46,5,1,52,0,ECOVIA,ESTACION,2026-05,2026-05-11,Jue,False
2026-05-14,Trole Norte,Labrador,NORMAL,2035,55,9,3,67,0,TROLEBUS,ESTACION,2026-05,2026-05-11,Jue,False
2026-05-14,Trole Sur,El Recreo,NORMAL,1091,79,11,5,95,0,TROLEBUS,ESTACION,2026-05,2026-05-11,Jue,False
2026-05-14,Trole Sur,Eugenio Espejo,EVENTO,1092,169,40,6,215,0,TROLEBUS,EVENTO,2026-05,2026-05-11,Jue,False
2026-05-14,Trole Sur,Quitumbe,NORMAL,1090,33,6,2,41,0,TROLEBUS,TERMINAL,2026-05,2026-05-11,Jue,False
2026-05-15,Ecovía Norte,Río Coca,NORMAL,3035,47,7,1,55,0,ECOVIA,ESTACION,2026-05,2026-05-11,Vie,False
2026-05-15,Sur Oriental,Guamaní,NORMAL,0072,16,4,0,20,0,ECOVIA,ESTACION,2026-05,2026-05-11,Vie,False
2026-05-15,Sur Oriental,Playón de la Marín,NORMAL,0071,26,2,1,29,0,ECOVIA,ESTACION,2026-05,2026-05-11,Vie,False
2026-05-15,Trole Norte,Labrador,NORMAL,2036,60,10,1,71,0,TROLEBUS,ESTACION,2026-05,2026-05-11,Vie,False
2026-05-15,Trole Sur,El Recreo,NORMAL,1094,133,33,8,174,0,TROLEBUS,ESTACION,2026-05,2026-05-11,Vie,True
2026-05-15,Trole Sur,Naciones Unidas - Carolina,EVENTO,1095,133,27,6,166,0,TROLEBUS,EVENTO,2026-05,2026-05-11,Vie,False
2026-05-15,Trole Sur,Quitumbe,NORMAL,1093,20,5,1,26,0,TROLEBUS,TERMINAL,2026-05,2026-05-11,Vie,False
2026-05-16,Ecovía Norte,Río Coca,NORMAL,3036,55,6,2,63,0,ECOVIA,ESTACION,2026-05,2026-05-11,Sáb,False
2026-05-16,Sur Oriental,Guamaní,NORMAL,0074,26,4,0,30,0,ECOVIA,ESTACION,2026-05,2026-05-11,Sáb,False
2026-05-16,Sur Oriental,Playón de la Marín,NORMAL,0073,28,5,5,38,0,ECOVIA,ESTACION,2026-05,2026-05-11,Sáb,False
2026-05-16,Trole Norte,Labrador,NORMAL,2037,103,10,2,115,0,TROLEBUS,ESTACION,2026-05,2026-05-11,Sáb,False
2026-05-16,Trole Sur,El Recreo,NORMAL,1097,84,15,2,101,0,TROLEBUS,ESTACION,2026-05,2026-05-11,Sáb,False
2026-05-16,Trole Sur,Luluncoto,EVENTO,1098,135,73,10,218,0,TROLEBUS,EVENTO,2026-05,2026-05-11,Sáb,False
2026-05-16,Trole Sur,Quitumbe,NORMAL,1096,21,9,2,32,0,TROLEBUS,TERMINAL,2026-05,2026-05-11,Sáb,False
2026-05-16,Trole Sur,Tababela,EVENTO,1099,146,22,1,169,0,TROLEBUS,EVENTO,2026-05,2026-05-11,Sáb,False
2026-05-17,Ecovía Norte,Río Coca,NORMAL,3037,37,3,1,41,0,ECOVIA,ESTACION,2026-05,2026-05-11,Dom,False
2026-05-17,Sur Oriental,Guamaní,NORMAL,0076,27,10,1,38,0,ECOVIA,ESTACION,2026-05,2026-05-11,Dom,False
2026-05-17,Sur Oriental,Playón de la Marín,NORMAL,0075,39,4,1,44,0,ECOVIA,ESTACION,2026-05,2026-05-11,Dom,False
2026-05-17,Trole Norte,Labrador,NORMAL,2038,50,9,2,61,0,TROLEBUS,ESTACION,2026-05,2026-05-11,Dom,False
2026-05-17,Trole Sur,Boulevard La Carolina,EVENTO,1102,307,60,14,381,0,TROLEBUS,EVENTO,2026-05,2026-05-11,Dom,False
2026-05-17,Trole Sur,El Recreo,NORMAL,1101,69,25,3,97,0,TROLEBUS,ESTACION,2026-05,2026-05-11,Dom,False
2026-05-17,Trole Sur,Quitumbe,NORMAL,1100,16,3,0,19,0,TROLEBUS,TERMINAL,2026-05,2026-05-11,Dom,False
2026-05-18,Ecovía Norte,Río Coca,NORMAL,3038,56,9,3,68,0,ECOVIA,ESTACION,2026-05,2026-05-18,Lun,False
2026-05-18,Sur Oriental,Guamaní,NORMAL,0078,23,1,2,26,0,ECOVIA,ESTACION,2026-05,2026-05-18,Lun,False
2026-05-18,Sur Oriental,Playón de la Marín,NORMAL,0077,32,3,4,39,0,ECOVIA,ESTACION,2026-05,2026-05-18,Lun,False
2026-05-18,Trole Norte,Labrador,NORMAL,2039,67,13,1,81,0,TROLEBUS,ESTACION,2026-05,2026-05-18,Lun,False
2026-05-18,Trole Sur,El Recreo,NORMAL,1104,106,21,2,129,0,TROLEBUS,ESTACION,2026-05,2026-05-18,Lun,False
2026-05-18,Trole Sur,Quitumbe,NORMAL,1103,23,4,0,27,0,TROLEBUS,TERMINAL,2026-05,2026-05-18,Lun,False
2026-05-19,Ecovía Norte,Río Coca,NORMAL,3039,47,7,0,54,0,ECOVIA,ESTACION,2026-05,2026-05-18,Mar,False
2026-05-19,Sur Oriental,Guamaní,NORMAL,0080,15,4,0,19,0,ECOVIA,ESTACION,2026-05,2026-05-18,Mar,False
2026-05-19,Sur Oriental,Playón de la Marín,NORMAL,0079,28,6,0,34,0,ECOVIA,ESTACION,2026-05,2026-05-18,Mar,False
2026-05-19,Trole Norte,Labrador,NORMAL,2040,53,9,3,65,0,TROLEBUS,ESTACION,2026-05,2026-05-18,Mar,False
2026-05-19,Trole Sur,Cumandá,EVENTO,1107,86,33,4,123,0,TROLEBUS,EVENTO,2026-05,2026-05-18,Mar,False
2026-05-19,Trole Sur,El Recreo,NORMAL,1106,97,24,3,124,0,TROLEBUS,ESTACION,2026-05,2026-05-18,Mar,False
2026-05-19,Trole Sur,Quitumbe,NORMAL,1105,22,6,1,29,0,TROLEBUS,TERMINAL,2026-05,2026-05-18,Mar,False
2026-05-20,Ecovía Norte,Río Coca,NORMAL,3040,49,7,2,58,0,ECOVIA,ESTACION,2026-05,2026-05-18,Mié,False
2026-05-20,Sur Oriental,Guamaní,NORMAL,0082,13,2,1,16,0,ECOVIA,ESTACION,2026-05,2026-05-18,Mié,False
2026-05-20,Sur Oriental,Playón de la Marín,NORMAL,0081,42,5,0,47,0,ECOVIA,ESTACION,2026-05,2026-05-18,Mié,False
2026-05-20,Trole Norte,Labrador,NORMAL,2041,46,3,4,53,0,TROLEBUS,ESTACION,2026-05,2026-05-18,Mié,False
2026-05-20,Trole Sur,El Recreo,NORMAL,1109,83,36,2,121,0,TROLEBUS,ESTACION,2026-05,2026-05-18,Mié,False
2026-05-20,Trole Sur,Quitumbe,NORMAL,1108,14,3,1,18,0,TROLEBUS,TERMINAL,2026-05,2026-05-18,Mié,False
2026-05-20,Trole Sur,Santo Domingo,EVENTO,1110,154,36,9,199,0,TROLEBUS,EVENTO,2026-05,2026-05-18,Mié,False
2026-05-21,Ecovía Norte,Río Coca,NORMAL,3041,59,7,3,69,0,ECOVIA,ESTACION,2026-05,2026-05-18,Jue,False
2026-05-21,Sur Oriental,Guamaní,NORMAL,0084,12,3,3,18,0,ECOVIA,ESTACION,2026-05,2026-05-18,Jue,False
2026-05-21,Sur Oriental,Playón de la Marín,NORMAL,0083,43,2,2,47,0,ECOVIA,ESTACION,2026-05,2026-05-18,Jue,False
2026-05-21,Trole Norte,Labrador,NORMAL,2042,50,9,3,62,0,TROLEBUS,ESTACION,2026-05,2026-05-18,Jue,False
2026-05-21,Trole Sur,El Recreo,NORMAL,1112,94,21,4,119,0,TROLEBUS,ESTACION,2026-05,2026-05-18,Jue,False
2026-05-21,Trole Sur,Obrero Independiente,EVENTO,1113,22,4,0,26,0,TROLEBUS,EVENTO,2026-05,2026-05-18,Jue,False
2026-05-21,Trole Sur,Quitumbe,NORMAL,1111,18,6,1,25,0,TROLEBUS,TERMINAL,2026-05,2026-05-18,Jue,False
2026-05-22,Ecovía Norte,Río Coca,NORMAL,3042,42,13,3,58,0,ECOVIA,ESTACION,2026-05,2026-05-18,Vie,False
2026-05-22,Sur Oriental,Guamaní,NORMAL,0086,19,4,0,23,0,ECOVIA,ESTACION,2026-05,2026-05-18,Vie,False
2026-05-22,Sur Oriental,Playón de la Marín,NORMAL,0085,47,3,3,53,0,ECOVIA,ESTACION,2026-05,2026-05-18,Vie,False
2026-05-22,Trole Norte,Labrador,NORMAL,2043,51,12,2,65,0,TROLEBUS,ESTACION,2026-05,2026-05-18,Vie,False
2026-05-22,Trole Sur,Alcaldía,EVENTO,1116,197,56,15,268,0,TROLEBUS,EVENTO,2026-05,2026-05-18,Vie,False
2026-05-22,Trole Sur,El Recreo,NORMAL,1115,67,23,6,96,0,TROLEBUS,ESTACION,2026-05,2026-05-18,Vie,False
2026-05-22,Trole Sur,Quitumbe,PUNTO_VENTA,1117,4,2,0,6,0,TROLEBUS,PUNTO_VENTA,2026-05,2026-05-18,Vie,False
2026-05-22,Trole Sur,Quitumbe,NORMAL,1114,26,5,2,33,0,TROLEBUS,TERMINAL,2026-05,2026-05-18,Vie,False
2026-05-23,Ecovía Norte,Río Coca,NORMAL,3043,47,8,1,56,0,ECOVIA,ESTACION,2026-05,2026-05-18,Sáb,False
2026-05-23,Sur Oriental,Guamaní,NORMAL,0088,14,2,0,16,0,ECOVIA,ESTACION,2026-05,2026-05-18,Sáb,False
2026-05-23,Sur Oriental,Playón de la Marín,NORMAL,0087,42,7,3,52,0,ECOVIA,ESTACION,2026-05,2026-05-18,Sáb,False
2026-05-23,Trole Norte,Labrador,NORMAL,2044,63,12,4,79,0,TROLEBUS,ESTACION,2026-05,2026-05-18,Sáb,False
2026-05-23,Trole Sur,El Recreo,NORMAL,1119,68,21,4,93,0,TROLEBUS,ESTACION,2026-05,2026-05-18,Sáb,False
2026-05-23,Trole Sur,Naciones Unidas,EVENTO,1116,294,54,8,356,0,TROLEBUS,EVENTO,2026-05,2026-05-18,Sáb,False
2026-05-23,Trole Sur,Quitumbe,NORMAL,1118,28,16,2,46,0,TROLEBUS,TERMINAL,2026-05,2026-05-18,Sáb,False
2026-05-24,Ecovía Norte,Río Coca,NORMAL,3044,23,10,1,34,0,ECOVIA,ESTACION,2026-05,2026-05-18,Dom,False
2026-05-24,Sur Oriental,Guamaní,NORMAL,0090,13,2,0,15,0,ECOVIA,ESTACION,2026-05,2026-05-18,Dom,False
2026-05-24,Sur Oriental,Playón de la Marín,NORMAL,0089,23,4,0,27,0,ECOVIA,ESTACION,2026-05,2026-05-18,Dom,False
2026-05-24,Trole Norte,Labrador,NORMAL,2045,61,6,3,70,0,TROLEBUS,ESTACION,2026-05,2026-05-18,Dom,False
2026-05-24,Trole Sur,Centro Histórico,EVENTO,1119,260,113,12,385,0,TROLEBUS,EVENTO,2026-05,2026-05-18,Dom,False
2026-05-24,Trole Sur,El Recreo,NORMAL,1118,54,22,1,77,0,TROLEBUS,ESTACION,2026-05,2026-05-18,Dom,False
2026-05-24,Trole Sur,Quitumbe,NORMAL,1117,15,2,1,18,0,TROLEBUS,TERMINAL,2026-05,2026-05-18,Dom,False
2026-05-25,Ecovía Norte,Río Coca,NORMAL,3045,16,10,1,27,0,ECOVIA,ESTACION,2026-05,2026-05-25,Lun,False
2026-05-25,Sur Oriental,Guamaní,NORMAL,0092,11,5,0,16,0,ECOVIA,ESTACION,2026-05,2026-05-25,Lun,False
2026-05-25,Sur Oriental,Playón de la Marín,NORMAL,0091,38,4,2,44,0,ECOVIA,ESTACION,2026-05,2026-05-25,Lun,False
2026-05-25,Trole Norte,Labrador,NORMAL,2046,56,11,1,68,0,TROLEBUS,ESTACION,2026-05,2026-05-25,Lun,False
2026-05-25,Trole Sur,Centro Histórico,EVENTO,1122,285,104,16,405,0,TROLEBUS,EVENTO,2026-05,2026-05-25,Lun,True
2026-05-25,Trole Sur,El Recreo,NORMAL,1121,67,18,0,85,0,TROLEBUS,ESTACION,2026-05,2026-05-25,Lun,False
2026-05-25,Trole Sur,Quitumbe,PUNTO_VENTA,1123,5,0,0,5,0,TROLEBUS,PUNTO_VENTA,2026-05,2026-05-25,Lun,False
2026-05-25,Trole Sur,Quitumbe,NORMAL,1120,25,12,2,39,0,TROLEBUS,TERMINAL,2026-05,2026-05-25,Lun,False
2026-05-26,Ecovía Norte,Río Coca,NORMAL,3046,57,9,3,69,0,ECOVIA,ESTACION,2026-05,2026-05-25,Mar,False
2026-05-26,Sur Oriental,Guamaní,NORMAL,0094,19,6,0,25,0,ECOVIA,ESTACION,2026-05,2026-05-25,Mar,False
2026-05-26,Sur Oriental,Playón de la Marín,NORMAL,0093,30,3,2,35,0,ECOVIA,ESTACION,2026-05,2026-05-25,Mar,False
2026-05-26,Trole Norte,Labrador,NORMAL,2047,47,4,2,53,0,TROLEBUS,ESTACION,2026-05,2026-05-25,Mar,False
2026-05-26,Trole Sur,El Recreo,NORMAL,1125,73,30,5,108,0,TROLEBUS,ESTACION,2026-05,2026-05-25,Mar,False
2026-05-26,Trole Sur,Quitumbe,NORMAL,1124,30,6,2,38,0,TROLEBUS,TERMINAL,2026-05,2026-05-25,Mar,False
2026-05-26,Trole Sur,Quitumbe,PUNTO_VENTA,1126,4,0,0,4,0,TROLEBUS,PUNTO_VENTA,2026-05,2026-05-25,Mar,False
2026-05-27,Ecovía Norte,Río Coca,NORMAL,3047,51,8,3,62,0,ECOVIA,ESTACION,2026-05,2026-05-25,Mié,False
2026-05-27,Sur Oriental,Guamaní,NORMAL,0096,11,3,0,14,0,ECOVIA,ESTACION,2026-05,2026-05-25,Mié,False
2026-05-27,Sur Oriental,Playón de la Marín,NORMAL,0095,27,4,0,31,0,ECOVIA,ESTACION,2026-05,2026-05-25,Mié,False
2026-05-27,Trole Norte,Labrador,NORMAL,2048,44,5,0,49,0,TROLEBUS,ESTACION,2026-05,2026-05-25,Mié,False
2026-05-27,Trole Sur,El Recreo,NORMAL,1128,51,21,3,75,0,TROLEBUS,ESTACION,2026-05,2026-05-25,Mié,False
2026-05-27,Trole Sur,Quitumbe,PUNTO_VENTA,1129,2,2,0,4,0,TROLEBUS,PUNTO_VENTA,2026-05,2026-05-25,Mié,False
2026-05-27,Trole Sur,Quitumbe,NORMAL,1127,21,7,0,28,0,TROLEBUS,TERMINAL,2026-05,2026-05-25,Mié,False
2026-05-28,Ecovía Norte,Río Coca,NORMAL,3048,39,5,3,47,0,ECOVIA,ESTACION,2026-05,2026-05-25,Jue,False
2026-05-28,Sur Oriental,Guamaní,NORMAL,0098,9,1,0,10,0,ECOVIA,ESTACION,2026-05,2026-05-25,Jue,False
2026-05-28,Sur Oriental,Playón de la Marín,NORMAL,0097,28,0,2,30,0,ECOVIA,ESTACION,2026-05,2026-05-25,Jue,False
2026-05-28,Trole Norte,Labrador,NORMAL,2049,60,7,2,69,0,TROLEBUS,ESTACION,2026-05,2026-05-25,Jue,False
2026-05-28,Trole Sur,Calderón,EVENTO,1132,31,67,7,105,0,TROLEBUS,EVENTO,2026-05,2026-05-25,Jue,False
2026-05-28,Trole Sur,El Recreo,NORMAL,1131,47,17,6,70,0,TROLEBUS,ESTACION,2026-05,2026-05-25,Jue,False
2026-05-28,Trole Sur,Quitumbe,NORMAL,1130,10,1,0,11,0,TROLEBUS,TERMINAL,2026-05,2026-05-25,Jue,False
2026-05-28,Trole Sur,Quitumbe,PUNTO_VENTA,1133,2,0,0,2,0,TROLEBUS,PUNTO_VENTA,2026-05,2026-05-25,Jue,False
2026-05-29,Ecovía Norte,Río Coca,NORMAL,3049,37,6,4,47,0,ECOVIA,ESTACION,2026-05,2026-05-25,Vie,False
2026-05-29,Sur Oriental,Guamaní,NORMAL,0100,9,3,0,12,0,ECOVIA,ESTACION,2026-05,2026-05-25,Vie,False
2026-05-29,Sur Oriental,Playón de la Marín,NORMAL,0099,25,3,3,31,0,ECOVIA,ESTACION,2026-05,2026-05-25,Vie,False
2026-05-29,Trole Norte,Labrador,NORMAL,2050,57,14,1,72,0,TROLEBUS,ESTACION,2026-05,2026-05-25,Vie,False
2026-05-29,Trole Sur,El Recreo,NORMAL,1135,68,15,6,89,0,TROLEBUS,ESTACION,2026-05,2026-05-25,Vie,False
2026-05-29,Trole Sur,Mercado Santa Clara,EVENTO,1136,121,51,6,178,0,TROLEBUS,EVENTO,2026-05,2026-05-25,Vie,False
2026-05-29,Trole Sur,Quitumbe,NORMAL,1134,32,7,2,41,0,TROLEBUS,TERMINAL,2026-05,2026-05-25,Vie,False
2026-05-29,Trole Sur,Quitumbe,PUNTO_VENTA,1137,13,1,0,14,0,TROLEBUS,PUNTO_VENTA,2026-05,2026-05-25,Vie,False
2026-05-30,Ecovía Norte,Río Coca,NORMAL,3050,32,6,1,39,0,ECOVIA,ESTACION,2026-05,2026-05-25,Sáb,False
2026-05-30,Sur Oriental,Guamaní,NORMAL,0102,6,1,0,7,0,ECOVIA,ESTACION,2026-05,2026-05-25,Sáb,False
2026-05-30,Sur Oriental,Playón de la Marín,NORMAL,0101,38,0,5,43,0,ECOVIA,ESTACION,2026-05,2026-05-25,Sáb,False
2026-05-30,Trole Norte,Labrador,NORMAL,2051,80,15,3,98,0,TROLEBUS,ESTACION,2026-05,2026-05-25,Sáb,False
2026-05-30,Trole Sur,Bicentenario,EVENTO,1142,247,38,5,290,0,TROLEBUS,EVENTO,2026-05,2026-05-25,Sáb,False
2026-05-30,Trole Sur,El Recreo,NORMAL,1139,43,17,1,61,0,TROLEBUS,ESTACION,2026-05,2026-05-25,Sáb,False
2026-05-30,Trole Sur,Quitumbe,NORMAL,1138,15,5,0,20,0,TROLEBUS,TERMINAL,2026-05,2026-05-25,Sáb,False
2026-05-30,Trole Sur,Quitumbe,PUNTO_VENTA,1141,5,0,0,5,0,TROLEBUS,PUNTO_VENTA,2026-05,2026-05-25,Sáb,False
2026-05-30,Trole Sur,San Blas,EVENTO,1140,21,1,2,24,0,TROLEBUS,EVENTO,2026-05,2026-05-25,Sáb,False
2026-05-31,Ecovía Norte,Río Coca,NORMAL,3051,16,2,0,18,0,ECOVIA,ESTACION,2026-05,2026-05-25,Dom,False
2026-05-31,Sur Oriental,Guamaní,NORMAL,0104,7,4,1,12,0,ECOVIA,ESTACION,2026-05,2026-05-25,Dom,False
2026-05-31,Sur Oriental,Playón de la Marín,NORMAL,0103,12,8,2,22,0,ECOVIA,ESTACION,2026-05,2026-05-25,Dom,False
2026-05-31,Trole Norte,Labrador,NORMAL,2052,38,10,0,48,0,TROLEBUS,ESTACION,2026-05,2026-05-25,Dom,False
2026-05-31,Trole Sur,El Recreo,NORMAL,1144,27,9,1,37,0,TROLEBUS,ESTACION,2026-05,2026-05-25,Dom,False
2026-05-31,Trole Sur,La Ecuatoriana,EVENTO,1145,104,43,8,155,0,TROLEBUS,EVENTO,2026-05,2026-05-25,Dom,False
2026-05-31,Trole Sur,Quitumbe,NORMAL,1143,19,2,0,21,0,TROLEBUS,TERMINAL,2026-05,2026-05-25,Dom,False
2026-05-31,Trole Sur,Quitumbe,PUNTO_VENTA,1146,3,0,0,3,0,TROLEBUS,PUNTO_VENTA,2026-05,2026-05-25,Dom,False
2026-06-01,Ecovía Norte,Río Coca,NORMAL,3052,43,10,2,55,0,ECOVIA,ESTACION,2026-06,2026-06-01,Lun,False
2026-06-01,Sur Oriental,Guamaní,NORMAL,0106,6,2,0,8,0,ECOVIA,ESTACION,2026-06,2026-06-01,Lun,False
2026-06-01,Sur Oriental,Playón de la Marín,NORMAL,0105,34,5,3,42,0,ECOVIA,ESTACION,2026-06,2026-06-01,Lun,False
2026-06-01,Trole Norte,Labrador,NORMAL,2053,41,4,6,51,0,TROLEBUS,ESTACION,2026-06,2026-06-01,Lun,False
2026-06-01,Trole Sur,El Recreo,NORMAL,1148,80,13,6,99,0,TROLEBUS,ESTACION,2026-06,2026-06-01,Lun,False
2026-06-01,Trole Sur,IGM,EVENTO,1149,276,73,11,360,0,TROLEBUS,EVENTO,2026-06,2026-06-01,Lun,False
2026-06-01,Trole Sur,Quitumbe,NORMAL,1147,14,4,0,18,0,TROLEBUS,TERMINAL,2026-06,2026-06-01,Lun,False
2026-06-01,Trole Sur,Quitumbe,PUNTO_VENTA,1150,8,2,0,10,0,TROLEBUS,PUNTO_VENTA,2026-06,2026-06-01,Lun,False
2026-06-02,Ecovía Norte,Río Coca,NORMAL,3053,41,2,1,44,0,ECOVIA,ESTACION,2026-06,2026-06-01,Mar,False
2026-06-02,Sur Oriental,Guamaní,NORMAL,0108,11,3,0,14,0,ECOVIA,ESTACION,2026-06,2026-06-01,Mar,False
2026-06-02,Sur Oriental,Playón de la Marín,NORMAL,0107,24,1,1,26,0,ECOVIA,ESTACION,2026-06,2026-06-01,Mar,False
2026-06-02,Trole Norte,Labrador,NORMAL,2054,40,2,0,42,0,TROLEBUS,ESTACION,2026-06,2026-06-01,Mar,False
2026-06-02,Trole Sur,El Recreo,NORMAL,1152,50,17,3,70,0,TROLEBUS,ESTACION,2026-06,2026-06-01,Mar,False
2026-06-02,Trole Sur,Quitumbe,PUNTO_VENTA,1153,3,0,0,3,0,TROLEBUS,PUNTO_VENTA,2026-06,2026-06-01,Mar,False
2026-06-02,Trole Sur,Quitumbe,NORMAL,1151,14,2,1,17,0,TROLEBUS,TERMINAL,2026-06,2026-06-01,Mar,False
2026-06-03,Ecovía Norte,Río Coca,NORMAL,3054,36,7,0,43,0,ECOVIA,ESTACION,2026-06,2026-06-01,Mié,False
2026-06-03,Sur Oriental,Guamaní,NORMAL,0110,11,3,0,14,0,ECOVIA,ESTACION,2026-06,2026-06-01,Mié,False
2026-06-03,Sur Oriental,Playón de la Marín,NORMAL,0109,37,3,1,41,0,ECOVIA,ESTACION,2026-06,2026-06-01,Mié,False
2026-06-03,Trole Norte,Labrador,NORMAL,2055,46,7,5,58,0,TROLEBUS,ESTACION,2026-06,2026-06-01,Mié,False
2026-06-03,Trole Sur,El Recreo,NORMAL,1155,57,12,4,73,0,TROLEBUS,ESTACION,2026-06,2026-06-01,Mié,False
2026-06-03,Trole Sur,Quitumbe,NORMAL,1154,20,3,1,24,0,TROLEBUS,TERMINAL,2026-06,2026-06-01,Mié,False
2026-06-03,Trole Sur,Quitumbe,PUNTO_VENTA,1157,2,0,0,2,0,TROLEBUS,PUNTO_VENTA,2026-06,2026-06-01,Mié,False
2026-06-03,Trole Sur,Universidad Central,EVENTO,1156,355,5,3,363,0,TROLEBUS,EVENTO,2026-06,2026-06-01,Mié,False
2026-06-04,Ecovía Norte,Río Coca,NORMAL,3055,29,11,1,41,0,ECOVIA,ESTACION,2026-06,2026-06-01,Jue,False
2026-06-04,Sur Oriental,Guamaní,NORMAL,0112,12,5,0,17,0,ECOVIA,ESTACION,2026-06,2026-06-01,Jue,False
2026-06-04,Sur Oriental,Playón de la Marín,NORMAL,0111,30,1,1,32,0,ECOVIA,ESTACION,2026-06,2026-06-01,Jue,False
2026-06-04,Trole Norte,Labrador,NORMAL,2056,46,5,1,52,0,TROLEBUS,ESTACION,2026-06,2026-06-01,Jue,False
2026-06-04,Trole Sur,El Recreo,NORMAL,1159,59,16,3,78,0,TROLEBUS,ESTACION,2026-06,2026-06-01,Jue,False
2026-06-04,Trole Sur,Hospital Militar,EVENTO,1160,259,60,8,327,0,TROLEBUS,EVENTO,2026-06,2026-06-01,Jue,False
2026-06-04,Trole Sur,Quitumbe,NORMAL,1158,20,9,2,31,0,TROLEBUS,TERMINAL,2026-06,2026-06-01,Jue,False
2026-06-04,Trole Sur,Quitumbe,PUNTO_VENTA,1161,4,0,0,4,0,TROLEBUS,PUNTO_VENTA,2026-06,2026-06-01,Jue,False
2026-06-05,Ecovía Norte,Río Coca,NORMAL,3056,31,4,1,36,0,ECOVIA,ESTACION,2026-06,2026-06-01,Vie,False
2026-06-05,Sur Oriental,Guamaní,NORMAL,0114,10,6,0,16,0,ECOVIA,ESTACION,2026-06,2026-06-01,Vie,False
2026-06-05,Sur Oriental,Playón de la Marín,NORMAL,0113,21,1,2,24,0,ECOVIA,ESTACION,2026-06,2026-06-01,Vie,False
2026-06-05,Trole Norte,Labrador,NORMAL,2057,48,4,1,53,0,TROLEBUS,ESTACION,2026-06,2026-06-01,Vie,False
2026-06-05,Trole Sur,El Recreo,NORMAL,1163,54,23,10,87,0,TROLEBUS,ESTACION,2026-06,2026-06-01,Vie,False
2026-06-05,Trole Sur,Hospital Militar,EVENTO,1164,168,51,16,235,0,TROLEBUS,EVENTO,2026-06,2026-06-01,Vie,False
2026-06-05,Trole Sur,Quitumbe,PUNTO_VENTA,1165,5,1,0,6,0,TROLEBUS,PUNTO_VENTA,2026-06,2026-06-01,Vie,False
2026-06-05,Trole Sur,Quitumbe,NORMAL,1162,16,4,1,21,0,TROLEBUS,TERMINAL,2026-06,2026-06-01,Vie,False
2026-06-06,Ecovía Norte,Río Coca,NORMAL,3057,32,9,0,41,0,ECOVIA,ESTACION,2026-06,2026-06-01,Sáb,False
2026-06-06,Sur Oriental,Guamaní,NORMAL,0116,8,1,0,9,0,ECOVIA,ESTACION,2026-06,2026-06-01,Sáb,False
2026-06-06,Sur Oriental,Playón de la Marín,NORMAL,0115,39,8,1,48,0,ECOVIA,ESTACION,2026-06,2026-06-01,Sáb,False
2026-06-06,Trole Norte,Labrador,NORMAL,2058,51,5,0,56,0,TROLEBUS,ESTACION,2026-06,2026-06-01,Sáb,False
2026-06-06,Trole Sur,Centro Histórico,EVENTO,1168,191,85,10,286,0,TROLEBUS,EVENTO,2026-06,2026-06-01,Sáb,False
2026-06-06,Trole Sur,El Recreo,NORMAL,1167,41,19,2,62,0,TROLEBUS,ESTACION,2026-06,2026-06-01,Sáb,False
2026-06-06,Trole Sur,Quitumbe,PUNTO_VENTA,1169,11,1,0,12,0,TROLEBUS,PUNTO_VENTA,2026-06,2026-06-01,Sáb,False
2026-06-06,Trole Sur,Quitumbe,NORMAL,1166,15,4,2,21,0,TROLEBUS,TERMINAL,2026-06,2026-06-01,Sáb,False
2026-06-07,Ecovía Norte,Río Coca,NORMAL,3058,18,1,0,19,0,ECOVIA,ESTACION,2026-06,2026-06-01,Dom,False
2026-06-07,Sur Oriental,Guamaní,NORMAL,0118,8,2,0,10,0,ECOVIA,ESTACION,2026-06,2026-06-01,Dom,False
2026-06-07,Sur Oriental,Playón de la Marín,NORMAL,0117,31,11,0,42,0,ECOVIA,ESTACION,2026-06,2026-06-01,Dom,False
2026-06-07,Trole Norte,Labrador,NORMAL,2059,61,17,2,80,0,TROLEBUS,ESTACION,2026-06,2026-06-01,Dom,False
2026-06-07,Trole Sur,Centro Histórico,EVENTO,1172,239,71,12,322,0,TROLEBUS,EVENTO,2026-06,2026-06-01,Dom,False
2026-06-07,Trole Sur,El Recreo,NORMAL,1171,52,18,1,71,0,TROLEBUS,ESTACION,2026-06,2026-06-01,Dom,False
2026-06-07,Trole Sur,Quitumbe,PUNTO_VENTA,1173,5,2,0,7,0,TROLEBUS,PUNTO_VENTA,2026-06,2026-06-01,Dom,False
2026-06-07,Trole Sur,Quitumbe,NORMAL,1170,14,5,0,19,0,TROLEBUS,TERMINAL,2026-06,2026-06-01,Dom,False
2026-06-08,Ecovía Norte,Río Coca,NORMAL,3059,31,5,0,36,0,ECOVIA,ESTACION,2026-06,2026-06-08,Lun,False
2026-06-08,Sur Oriental,Guamaní,NORMAL,0120,11,2,2,15,0,ECOVIA,ESTACION,2026-06,2026-06-08,Lun,False
2026-06-08,Sur Oriental,Playón de la Marín,NORMAL,0119,36,5,2,43,0,ECOVIA,ESTACION,2026-06,2026-06-08,Lun,False
2026-06-08,Trole Norte,Labrador,NORMAL,2060,56,5,0,61,0,TROLEBUS,ESTACION,2026-06,2026-06-08,Lun,False
2026-06-08,Trole Sur,El Recreo,NORMAL,1175,50,15,4,69,0,TROLEBUS,ESTACION,2026-06,2026-06-08,Lun,False
2026-06-08,Trole Sur,IGM,EVENTO,1176,53,27,3,83,0,TROLEBUS,EVENTO,2026-06,2026-06-08,Lun,False
2026-06-08,Trole Sur,Plaza Chica,EVENTO,1178,79,18,9,106,0,TROLEBUS,EVENTO,2026-06,2026-06-08,Lun,False
2026-06-08,Trole Sur,Quitumbe,NORMAL,1174,16,5,3,24,0,TROLEBUS,TERMINAL,2026-06,2026-06-08,Lun,False
2026-06-08,Trole Sur,Quitumbe,PUNTO_VENTA,1177,5,1,0,6,0,TROLEBUS,PUNTO_VENTA,2026-06,2026-06-08,Lun,False
2026-06-09,Ecovía Norte,Río Coca,NORMAL,3060,33,3,1,37,0,ECOVIA,ESTACION,2026-06,2026-06-08,Mar,False
2026-06-09,Sur Oriental,Guamaní,NORMAL,0122,14,3,0,17,0,ECOVIA,ESTACION,2026-06,2026-06-08,Mar,False
2026-06-09,Sur Oriental,Playón de la Marín,NORMAL,0121,29,2,0,31,0,ECOVIA,ESTACION,2026-06,2026-06-08,Mar,False
2026-06-09,Trole Norte,Labrador,NORMAL,2061,54,7,1,62,0,TROLEBUS,ESTACION,2026-06,2026-06-08,Mar,False
2026-06-09,Trole Sur,El Recreo,NORMAL,1180,57,12,3,72,0,TROLEBUS,ESTACION,2026-06,2026-06-08,Mar,False
2026-06-09,Trole Sur,Plaza Chica,EVENTO,1183,38,7,0,45,0,TROLEBUS,EVENTO,2026-06,2026-06-08,Mar,False
2026-06-09,Trole Sur,Quitumbe,PUNTO_VENTA,1182,5,2,0,7,0,TROLEBUS,PUNTO_VENTA,2026-06,2026-06-08,Mar,False
2026-06-09,Trole Sur,Quitumbe,NORMAL,1179,19,3,0,22,0,TROLEBUS,TERMINAL,2026-06,2026-06-08,Mar,False
2026-06-10,Ecovía Norte,Río Coca,NORMAL,3061,29,11,3,43,0,ECOVIA,ESTACION,2026-06,2026-06-08,Mié,False
2026-06-10,Sur Oriental,Guamaní,NORMAL,0124,11,4,1,16,0,ECOVIA,ESTACION,2026-06,2026-06-08,Mié,False
2026-06-10,Sur Oriental,Playón de la Marín,NORMAL,0123,39,7,1,47,0,ECOVIA,ESTACION,2026-06,2026-06-08,Mié,False
2026-06-10,Trole Norte,Labrador,NORMAL,2062,43,13,4,60,0,TROLEBUS,ESTACION,2026-06,2026-06-08,Mié,False
2026-06-10,Trole Sur,El Recreo,NORMAL,1185,52,20,6,78,0,TROLEBUS,ESTACION,2026-06,2026-06-08,Mié,False
2026-06-10,Trole Sur,EPN,EVENTO,1186,259,8,1,268,0,TROLEBUS,EVENTO,2026-06,2026-06-08,Mié,False
2026-06-10,Trole Sur,Plaza Chica,EVENTO,1188,55,21,7,83,0,TROLEBUS,EVENTO,2026-06,2026-06-08,Mié,False
2026-06-10,Trole Sur,Quitumbe,PUNTO_VENTA,1187,9,0,1,10,0,TROLEBUS,PUNTO_VENTA,2026-06,2026-06-08,Mié,False
2026-06-10,Trole Sur,Quitumbe,NORMAL,1184,15,8,3,26,0,TROLEBUS,TERMINAL,2026-06,2026-06-08,Mié,False
2026-06-11,Ecovía Norte,Río Coca,NORMAL,3062,31,7,1,39,0,ECOVIA,ESTACION,2026-06,2026-06-08,Jue,False
2026-06-11,Sur Oriental,Guamaní,NORMAL,0126,4,1,0,5,0,ECOVIA,ESTACION,2026-06,2026-06-08,Jue,False
2026-06-11,Sur Oriental,Playón de la Marín,NORMAL,0125,18,2,1,21,0,ECOVIA,ESTACION,2026-06,2026-06-08,Jue,False
2026-06-11,Trole Norte,Labrador,NORMAL,2063,27,4,2,33,0,TROLEBUS,ESTACION,2026-06,2026-06-08,Jue,False
2026-06-11,Trole Sur,El Recreo,NORMAL,1190,48,14,1,63,0,TROLEBUS,ESTACION,2026-06,2026-06-08,Jue,False
2026-06-11,Trole Sur,Plaza Chica,EVENTO,1193,48,19,3,70,0,TROLEBUS,EVENTO,2026-06,2026-06-08,Jue,False
2026-06-11,Trole Sur,Quitumbe,PUNTO_VENTA,1192,15,4,0,19,0,TROLEBUS,PUNTO_VENTA,2026-06,2026-06-08,Jue,True
2026-06-11,Trole Sur,Quitumbe,NORMAL,1189,13,2,2,17,0,TROLEBUS,TERMINAL,2026-06,2026-06-08,Jue,False
2026-06-11,Trole Sur,Universidad Central,EVENTO,1191,285,9,2,296,0,TROLEBUS,EVENTO,2026-06,2026-06-08,Jue,False
2026-06-12,Ecovía Norte,Río Coca,NORMAL,3063,29,4,0,33,0,ECOVIA,ESTACION,2026-06,2026-06-08,Vie,False
2026-06-12,Sur Oriental,Guamaní,NORMAL,0128,7,1,0,8,0,ECOVIA,ESTACION,2026-06,2026-06-08,Vie,False
2026-06-12,Sur Oriental,Playón de la Marín,NORMAL,0127,22,5,0,27,0,ECOVIA,ESTACION,2026-06,2026-06-08,Vie,False
2026-06-12,Trole Norte,Labrador,NORMAL,2064,36,7,0,43,0,TROLEBUS,ESTACION,2026-06,2026-06-08,Vie,False
2026-06-12,Trole Sur,Administración Zona Quitumbe,EVENTO,1196,79,35,2,116,0,TROLEBUS,EVENTO,2026-06,2026-06-08,Vie,False
2026-06-12,Trole Sur,El Recreo,NORMAL,1195,40,14,2,56,0,TROLEBUS,ESTACION,2026-06,2026-06-08,Vie,False
2026-06-12,Trole Sur,Quitumbe,PUNTO_VENTA,1197,4,0,0,4,0,TROLEBUS,PUNTO_VENTA,2026-06,2026-06-08,Vie,False
2026-06-12,Trole Sur,Quitumbe,NORMAL,1194,11,8,1,20,0,TROLEBUS,TERMINAL,2026-06,2026-06-08,Vie,False
2026-06-13,Ecovía Norte,Río Coca,NORMAL,3064,27,5,0,32,0,ECOVIA,ESTACION,2026-06,2026-06-08,Sáb,False
2026-06-13,Sur Oriental,Guamaní,NORMAL,0130,11,2,1,14,0,ECOVIA,ESTACION,2026-06,2026-06-08,Sáb,False
2026-06-13,Sur Oriental,Playón de la Marín,NORMAL,0129,23,8,0,31,0,ECOVIA,ESTACION,2026-06,2026-06-08,Sáb,False
2026-06-13,Trole Norte,Labrador,NORMAL,2065,65,19,2,86,0,TROLEBUS,ESTACION,2026-06,2026-06-08,Sáb,False
2026-06-13,Trole Sur,El Recreo,NORMAL,1199,40,12,2,54,0,TROLEBUS,ESTACION,2026-06,2026-06-08,Sáb,False
2026-06-13,Trole Sur,Plaza Grande,EVENTO,1200,216,75,13,304,0,TROLEBUS,EVENTO,2026-06,2026-06-08,Sáb,False
2026-06-13,Trole Sur,Quitumbe,NORMAL,1198,10,2,0,12,0,TROLEBUS,TERMINAL,2026-06,2026-06-08,Sáb,False
2026-06-13,Trole Sur,Quitumbe,PUNTO_VENTA,1201,6,2,2,10,0,TROLEBUS,PUNTO_VENTA,2026-06,2026-06-08,Sáb,False
2026-06-14,Ecovía Norte,Río Coca,NORMAL,3065,17,4,1,22,0,ECOVIA,ESTACION,2026-06,2026-06-08,Dom,False
2026-06-14,Sur Oriental,Guamaní,NORMAL,0132,13,2,0,15,0,ECOVIA,ESTACION,2026-06,2026-06-08,Dom,False
2026-06-14,Sur Oriental,Playón de la Marín,NORMAL,0131,12,2,2,16,0,ECOVIA,ESTACION,2026-06,2026-06-08,Dom,False
2026-06-14,Trole Norte,Labrador,NORMAL,2066,31,8,2,41,0,TROLEBUS,ESTACION,2026-06,2026-06-08,Dom,False
2026-06-14,Trole Sur,Centro Histórico,EVENTO,1204,237,68,8,313,0,TROLEBUS,EVENTO,2026-06,2026-06-08,Dom,False
2026-06-14,Trole Sur,El Recreo,NORMAL,1203,24,17,1,42,0,TROLEBUS,ESTACION,2026-06,2026-06-08,Dom,False
2026-06-14,Trole Sur,Quitumbe,PUNTO_VENTA,1205,1,0,0,1,0,TROLEBUS,PUNTO_VENTA,2026-06,2026-06-08,Dom,False
2026-06-14,Trole Sur,Quitumbe,NORMAL,1202,16,3,0,19,0,TROLEBUS,TERMINAL,2026-06,2026-06-08,Dom,False
2026-06-15,Ecovía Norte,Río Coca,NORMAL,3066,29,4,2,35,0,ECOVIA,ESTACION,2026-06,2026-06-15,Lun,False
2026-06-15,Sur Oriental,Guamaní,NORMAL,0134,11,2,0,13,0,ECOVIA,ESTACION,2026-06,2026-06-15,Lun,False
2026-06-15,Sur Oriental,Playón de la Marín,NORMAL,0133,27,1,2,30,0,ECOVIA,ESTACION,2026-06,2026-06-15,Lun,False
2026-06-15,Trole Norte,Labrador,NORMAL,2067,38,11,4,53,0,TROLEBUS,ESTACION,2026-06,2026-06-15,Lun,False
2026-06-15,Trole Sur,Consejo Provincial,EVENTO,1208,176,23,4,203,0,TROLEBUS,EVENTO,2026-06,2026-06-15,Lun,False
2026-06-15,Trole Sur,El Recreo,NORMAL,1207,46,19,5,70,0,TROLEBUS,ESTACION,2026-06,2026-06-15,Lun,False
2026-06-15,Trole Sur,Plaza Chica,EVENTO,1210,65,17,6,88,0,TROLEBUS,EVENTO,2026-06,2026-06-15,Lun,False
2026-06-15,Trole Sur,Quitumbe,NORMAL,1206,20,7,1,28,0,TROLEBUS,TERMINAL,2026-06,2026-06-15,Lun,False
2026-06-15,Trole Sur,Quitumbe,PUNTO_VENTA,1209,5,1,0,6,0,TROLEBUS,PUNTO_VENTA,2026-06,2026-06-15,Lun,False
2026-06-16,Ecovía Norte,Río Coca,NORMAL,3067,25,6,1,32,0,ECOVIA,ESTACION,2026-06,2026-06-15,Mar,False
2026-06-16,Sur Oriental,Guamaní,NORMAL,0136,13,3,2,18,0,ECOVIA,ESTACION,2026-06,2026-06-15,Mar,False
2026-06-16,Sur Oriental,Playón de la Marín,NORMAL,0135,27,2,0,29,0,ECOVIA,ESTACION,2026-06,2026-06-15,Mar,False
2026-06-16,Trole Norte,Labrador,NORMAL,2068,36,7,0,43,0,TROLEBUS,ESTACION,2026-06,2026-06-15,Mar,False
2026-06-16,Trole Sur,Consejo Provincial,EVENTO,1215,104,21,7,132,0,TROLEBUS,EVENTO,2026-06,2026-06-15,Mar,False
2026-06-16,Trole Sur,El Recreo,NORMAL,1212,42,8,3,53,0,TROLEBUS,ESTACION,2026-06,2026-06-15,Mar,False
2026-06-16,Trole Sur,Instituto Libertad,EVENTO,1213,180,9,4,193,0,TROLEBUS,EVENTO,2026-06,2026-06-15,Mar,False
2026-06-16,Trole Sur,Quitumbe,PUNTO_VENTA,1214,3,1,0,4,0,TROLEBUS,PUNTO_VENTA,2026-06,2026-06-15,Mar,False
2026-06-16,Trole Sur,Quitumbe,NORMAL,1211,21,9,0,30,0,TROLEBUS,TERMINAL,2026-06,2026-06-15,Mar,False
2026-06-17,Ecovía Norte,Río Coca,NORMAL,3067,22,3,2,27,0,ECOVIA,ESTACION,2026-06,2026-06-15,Mié,False
2026-06-17,Sur Oriental,Guamaní,NORMAL,138,9,2,0,11,0,ECOVIA,ESTACION,2026-06,2026-06-15,Mié,False
2026-06-17,Sur Oriental,Playón de la Marín,NORMAL,137,22,4,1,27,0,ECOVIA,ESTACION,2026-06,2026-06-15,Mié,False
2026-06-17,Trole Norte,Labrador,NORMAL,2069,38,10,2,50,0,TROLEBUS,ESTACION,2026-06,2026-06-15,Mié,False
2026-06-17,Trole Sur,El Recreo,NORMAL,1217,34,13,3,50,0,TROLEBUS,ESTACION,2026-06,2026-06-15,Mié,False
2026-06-17,Trole Sur,Plaza Chica,EVENTO,1220,75,13,5,93,0,TROLEBUS,EVENTO,2026-06,2026-06-15,Mié,False
2026-06-17,Trole Sur,Prefectura de Pichincha,EVENTO,1218,90,26,4,120,0,TROLEBUS,EVENTO,2026-06,2026-06-15,Mié,False
2026-06-17,Trole Sur,Quitumbe,NORMAL,1216,19,6,2,27,0,TROLEBUS,TERMINAL,2026-06,2026-06-15,Mié,False
2026-06-17,Trole Sur,Quitumbe,PUNTO_VENTA,1219,4,0,0,4,0,TROLEBUS,PUNTO_VENTA,2026-06,2026-06-15,Mié,False
2026-06-18,Ecovía Norte,Río Coca,NORMAL,3068,26,4,2,32,0,ECOVIA,ESTACION,2026-06,2026-06-15,Jue,False
2026-06-18,Sur Oriental,Guamaní,NORMAL,140,4,1,0,5,0,ECOVIA,ESTACION,2026-06,2026-06-15,Jue,False
2026-06-18,Sur Oriental,Playón de la Marín,NORMAL,139,27,5,3,35,0,ECOVIA,ESTACION,2026-06,2026-06-15,Jue,False
2026-06-18,Trole Norte,Labrador,NORMAL,2070,22,3,0,25,0,TROLEBUS,ESTACION,2026-06,2026-06-15,Jue,False
2026-06-18,Trole Sur,El Recreo,NORMAL,1222,39,4,1,44,0,TROLEBUS,ESTACION,2026-06,2026-06-15,Jue,False
2026-06-18,Trole Sur,Instituto Libertad,EVENTO,1223,53,2,2,57,0,TROLEBUS,EVENTO,2026-06,2026-06-15,Jue,False
2026-06-18,Trole Sur,Plaza Chica,EVENTO,1225,50,11,0,61,0,TROLEBUS,EVENTO,2026-06,2026-06-15,Jue,False
2026-06-18,Trole Sur,Quitumbe,NORMAL,1221,7,3,1,11,0,TROLEBUS,TERMINAL,2026-06,2026-06-15,Jue,False
2026-06-18,Trole Sur,Quitumbe,PUNTO_VENTA,1224,9,3,1,13,0,TROLEBUS,PUNTO_VENTA,2026-06,2026-06-15,Jue,False
2026-06-19,Ecovía Norte,Río Coca,NORMAL,3069,29,1,1,31,0,ECOVIA,ESTACION,2026-06,2026-06-15,Vie,False
2026-06-19,Sur Oriental,Guamaní,NORMAL,142,5,0,0,5,0,ECOVIA,ESTACION,2026-06,2026-06-15,Vie,False
2026-06-19,Sur Oriental,Playón de la Marín,NORMAL,141,29,5,0,34,0,ECOVIA,ESTACION,2026-06,2026-06-15,Vie,False
2026-06-19,Trole Norte,Labrador,NORMAL,2071,46,2,2,50,0,TROLEBUS,ESTACION,2026-06,2026-06-15,Vie,False
2026-06-19,Trole Sur,Chillogallo,EVENTO,1228,87,41,10,138,0,TROLEBUS,EVENTO,2026-06,2026-06-15,Vie,False
2026-06-19,Trole Sur,El Recreo,NORMAL,1227,44,10,1,55,0,TROLEBUS,ESTACION,2026-06,2026-06-15,Vie,False
2026-06-19,Trole Sur,Plaza Chica,EVENTO,1230,26,11,0,37,0,TROLEBUS,EVENTO,2026-06,2026-06-15,Vie,False
2026-06-19,Trole Sur,Quitumbe,PUNTO_VENTA,1229,13,0,1,14,0,TROLEBUS,PUNTO_VENTA,2026-06,2026-06-15,Vie,False
2026-06-19,Trole Sur,Quitumbe,NORMAL,1226,17,8,0,25,0,TROLEBUS,TERMINAL,2026-06,2026-06-15,Vie,False
2026-06-20,Ecovía Norte,Río Coca,NORMAL,3070,19,2,1,22,0,ECOVIA,ESTACION,2026-06,2026-06-15,Sáb,False
2026-06-20,Sur Oriental,Guamaní,NORMAL,144,11,4,0,15,0,ECOVIA,ESTACION,2026-06,2026-06-15,Sáb,False
2026-06-20,Sur Oriental,Playón de la Marín,NORMAL,143,18,2,1,21,0,ECOVIA,ESTACION,2026-06,2026-06-15,Sáb,False
2026-06-20,Trole Norte,Labrador,NORMAL,2072,52,13,5,70,0,TROLEBUS,ESTACION,2026-06,2026-06-15,Sáb,False
2026-06-20,Trole Sur,El Recreo,NORMAL,1232,25,13,2,40,0,TROLEBUS,ESTACION,2026-06,2026-06-15,Sáb,False
2026-06-20,Trole Sur,Quitumbe,PUNTO_VENTA,1234,5,2,0,7,0,TROLEBUS,PUNTO_VENTA,2026-06,2026-06-15,Sáb,False
2026-06-20,Trole Sur,Quitumbe,NORMAL,1231,16,2,0,18,0,TROLEBUS,TERMINAL,2026-06,2026-06-15,Sáb,False
2026-06-20,Trole Sur,San Juan Casa Somos,EVENTO,1233,42,14,2,58,0,TROLEBUS,EVENTO,2026-06,2026-06-15,Sáb,False
2026-06-21,Ecovía Norte,Río Coca,NORMAL,3071,11,4,1,16,0,ECOVIA,ESTACION,2026-06,2026-06-15,Dom,False
2026-06-21,Sur Oriental,Guamaní,NORMAL,146,2,0,0,2,0,ECOVIA,ESTACION,2026-06,2026-06-15,Dom,False
2026-06-21,Sur Oriental,Playón de la Marín,NORMAL,145,19,5,2,26,0,ECOVIA,ESTACION,2026-06,2026-06-15,Dom,False
2026-06-21,Trole Norte,Labrador,NORMAL,2073,34,9,4,47,0,TROLEBUS,ESTACION,2026-06,2026-06-15,Dom,False
2026-06-21,Trole Sur,El Recreo,NORMAL,1236,19,6,2,27,0,TROLEBUS,ESTACION,2026-06,2026-06-15,Dom,False
2026-06-21,Trole Sur,Plaza Grande,EVENTO,1237,165,39,5,209,0,TROLEBUS,EVENTO,2026-06,2026-06-15,Dom,False
2026-06-21,Trole Sur,Quitumbe,PUNTO_VENTA,1238,2,0,0,2,0,TROLEBUS,PUNTO_VENTA,2026-06,2026-06-15,Dom,False
2026-06-21,Trole Sur,Quitumbe,NORMAL,1235,13,3,1,17,0,TROLEBUS,TERMINAL,2026-06,2026-06-15,Dom,False
2026-06-21,Trole Sur,San Blas,EVENTO,1239,31,8,0,39,0,TROLEBUS,EVENTO,2026-06,2026-06-15,Dom,False
2026-06-22,Ecovía Norte,Río Coca,NORMAL,3072,22,0,3,25,0,ECOVIA,ESTACION,2026-06,2026-06-22,Lun,False
2026-06-22,Sur Oriental,Guamaní,NORMAL,148,7,2,0,9,0,ECOVIA,ESTACION,2026-06,2026-06-22,Lun,False
2026-06-22,Sur Oriental,Playón de la Marín,NORMAL,147,30,2,1,33,0,ECOVIA,ESTACION,2026-06,2026-06-22,Lun,False
2026-06-22,Trole Norte,Labrador,NORMAL,2074,43,4,1,48,0,TROLEBUS,ESTACION,2026-06,2026-06-22,Lun,False
2026-06-22,Trole Sur,El Recreo,NORMAL,1241,34,3,0,37,0,TROLEBUS,ESTACION,2026-06,2026-06-22,Lun,False
2026-06-22,Trole Sur,Plaza Chica,EVENTO,1244,79,9,3,91,0,TROLEBUS,EVENTO,2026-06,2026-06-22,Lun,False
2026-06-22,Trole Sur,Quitumbe,NORMAL,1240,10,0,1,11,0,TROLEBUS,TERMINAL,2026-06,2026-06-22,Lun,False
2026-06-22,Trole Sur,Quitumbe,PUNTO_VENTA,1243,7,0,0,7,0,TROLEBUS,PUNTO_VENTA,2026-06,2026-06-22,Lun,False
2026-06-23,Ecovía Norte,Río Coca,NORMAL,3073,19,1,1,21,0,ECOVIA,ESTACION,2026-06,2026-06-22,Mar,False
2026-06-23,Sur Oriental,Guamaní,NORMAL,150,2,0,0,2,0,ECOVIA,ESTACION,2026-06,2026-06-22,Mar,False
2026-06-23,Sur Oriental,Playón de la Marín,NORMAL,149,20,8,1,29,0,ECOVIA,ESTACION,2026-06,2026-06-22,Mar,False
2026-06-23,Trole Norte,Labrador,NORMAL,2075,34,7,1,42,0,TROLEBUS,ESTACION,2026-06,2026-06-22,Mar,False
2026-06-23,Trole Sur,El Recreo,NORMAL,1246,27,6,0,33,0,TROLEBUS,ESTACION,2026-06,2026-06-22,Mar,False
2026-06-23,Trole Sur,Instituto Libertad,EVENTO,1247,73,6,1,80,0,TROLEBUS,EVENTO,2026-06,2026-06-22,Mar,False
2026-06-23,Trole Sur,Plaza Chica,EVENTO,1249,72,22,3,97,0,TROLEBUS,EVENTO,2026-06,2026-06-22,Mar,False
2026-06-23,Trole Sur,Quitumbe,NORMAL,1245,11,1,1,13,0,TROLEBUS,TERMINAL,2026-06,2026-06-22,Mar,False
2026-06-23,Trole Sur,Quitumbe,PUNTO_VENTA,1248,5,1,0,6,0,TROLEBUS,PUNTO_VENTA,2026-06,2026-06-22,Mar,False
2026-06-24,Ecovía Norte,Río Coca,NORMAL,3074,18,2,1,21,0,ECOVIA,ESTACION,2026-06,2026-06-22,Mié,False
2026-06-24,Sur Oriental,Guamaní,NORMAL,152,5,0,0,5,0,ECOVIA,ESTACION,2026-06,2026-06-22,Mié,False
2026-06-24,Sur Oriental,Playón de la Marín,NORMAL,151,18,4,1,23,0,ECOVIA,ESTACION,2026-06,2026-06-22,Mié,False
2026-06-24,Trole Norte,Labrador,NORMAL,2076,34,12,8,54,0,TROLEBUS,ESTACION,2026-06,2026-06-22,Mié,False
2026-06-24,Trole Sur,Confiteca,EVENTO,1252,186,63,5,254,0,TROLEBUS,EVENTO,2026-06,2026-06-22,Mié,False
2026-06-24,Trole Sur,El Recreo,NORMAL,1251,26,10,1,37,0,TROLEBUS,ESTACION,2026-06,2026-06-22,Mié,False
2026-06-24,Trole Sur,Plaza Chica,EVENTO,1254,24,13,0,37,0,TROLEBUS,EVENTO,2026-06,2026-06-22,Mié,False
2026-06-24,Trole Sur,Quitumbe,NORMAL,1250,11,3,2,16,0,TROLEBUS,TERMINAL,2026-06,2026-06-22,Mié,False
2026-06-24,Trole Sur,Quitumbe,PUNTO_VENTA,1253,2,0,0,2,0,TROLEBUS,PUNTO_VENTA,2026-06,2026-06-22,Mié,False
2026-06-25,Ecovía Norte,Río Coca,NORMAL,3075,15,5,0,20,0,ECOVIA,ESTACION,2026-06,2026-06-22,Jue,False
2026-06-25,Sur Oriental,Guamaní,NORMAL,154,9,3,0,12,0,ECOVIA,ESTACION,2026-06,2026-06-22,Jue,False
2026-06-25,Sur Oriental,Playón de la Marín,NORMAL,153,17,4,1,22,0,ECOVIA,ESTACION,2026-06,2026-06-22,Jue,False
2026-06-25,Trole Norte,Labrador,NORMAL,2077,31,9,0,40,0,TROLEBUS,ESTACION,2026-06,2026-06-22,Jue,False
2026-06-25,Trole Sur,El Recreo,NORMAL,1256,38,9,1,48,0,TROLEBUS,ESTACION,2026-06,2026-06-22,Jue,False
2026-06-25,Trole Sur,Plaza Chica,EVENTO,1257,61,11,1,73,0,TROLEBUS,EVENTO,2026-06,2026-06-22,Jue,False
2026-06-25,Trole Sur,Quitumbe,NORMAL,1255,6,1,1,8,0,TROLEBUS,TERMINAL,2026-06,2026-06-22,Jue,False
2026-06-25,Trole Sur,Quitumbe,PUNTO_VENTA,1258,1,1,0,2,0,TROLEBUS,PUNTO_VENTA,2026-06,2026-06-22,Jue,False
2026-06-26,Ecovía Norte,Río Coca,NORMAL,3076,34,5,2,41,0,ECOVIA,ESTACION,2026-06,2026-06-22,Vie,False
2026-06-26,Sur Oriental,Guamaní,NORMAL,156,11,2,0,13,0,ECOVIA,ESTACION,2026-06,2026-06-22,Vie,False
2026-06-26,Sur Oriental,Playón de la Marín,NORMAL,155,21,7,2,30,0,ECOVIA,ESTACION,2026-06,2026-06-22,Vie,False
2026-06-26,Trole Norte,Labrador,NORMAL,2078,40,10,4,54,0,TROLEBUS,ESTACION,2026-06,2026-06-22,Vie,False
2026-06-26,Trole Sur,El Recreo,NORMAL,1260,43,8,1,52,0,TROLEBUS,ESTACION,2026-06,2026-06-22,Vie,False
2026-06-26,Trole Sur,Plaza Chica,EVENTO,1261,27,14,1,42,0,TROLEBUS,EVENTO,2026-06,2026-06-22,Vie,False
2026-06-26,Trole Sur,Quitumbe,PUNTO_VENTA,1262,2,4,0,6,0,TROLEBUS,PUNTO_VENTA,2026-06,2026-06-22,Vie,False
2026-06-26,Trole Sur,Quitumbe,NORMAL,1259,10,3,1,14,0,TROLEBUS,TERMINAL,2026-06,2026-06-22,Vie,False
2026-06-27,Ecovía Norte,Río Coca,NORMAL,3077,23,4,0,27,0,ECOVIA,ESTACION,2026-06,2026-06-22,Sáb,False
2026-06-27,Sur Oriental,Guamaní,NORMAL,158,6,0,0,6,0,ECOVIA,ESTACION,2026-06,2026-06-22,Sáb,False
2026-06-27,Sur Oriental,Playón de la Marín,NORMAL,157,37,2,1,40,0,ECOVIA,ESTACION,2026-06,2026-06-22,Sáb,False
2026-06-27,Trole Norte,Labrador,NORMAL,2079,56,15,0,71,0,TROLEBUS,ESTACION,2026-06,2026-06-22,Sáb,False
2026-06-27,Trole Sur,El Recreo,NORMAL,1264,28,7,3,38,0,TROLEBUS,ESTACION,2026-06,2026-06-22,Sáb,False
2026-06-27,Trole Sur,Nueva Aurora,EVENTO,1267,74,24,4,102,0,TROLEBUS,EVENTO,2026-06,2026-06-22,Sáb,False
2026-06-27,Trole Sur,Quitumbe,PUNTO_VENTA,1266,2,0,0,2,0,TROLEBUS,PUNTO_VENTA,2026-06,2026-06-22,Sáb,False
2026-06-27,Trole Sur,Quitumbe,NORMAL,1263,11,5,1,17,0,TROLEBUS,TERMINAL,2026-06,2026-06-22,Sáb,False
2026-06-27,Trole Sur,San Fernando,EVENTO,1265,48,12,0,60,0,TROLEBUS,EVENTO,2026-06,2026-06-22,Sáb,False
2026-06-28,Ecovía Norte,Río Coca,NORMAL,3078,11,4,0,15,0,ECOVIA,ESTACION,2026-06,2026-06-22,Dom,False
2026-06-28,Sur Oriental,Guamaní,NORMAL,160,2,1,0,3,0,ECOVIA,ESTACION,2026-06,2026-06-22,Dom,False
2026-06-28,Sur Oriental,Playón de la Marín,NORMAL,159,20,4,2,26,0,ECOVIA,ESTACION,2026-06,2026-06-22,Dom,False
2026-06-28,Trole Norte,Labrador,NORMAL,2080,19,5,1,25,0,TROLEBUS,ESTACION,2026-06,2026-06-22,Dom,False
2026-06-28,Trole Sur,El Recreo,NORMAL,1269,23,11,1,35,0,TROLEBUS,ESTACION,2026-06,2026-06-22,Dom,False
2026-06-28,Trole Sur,Plaza Grande,EVENTO,1270,138,45,12,195,0,TROLEBUS,EVENTO,2026-06,2026-06-22,Dom,False
2026-06-28,Trole Sur,Quitumbe,PUNTO_VENTA,1271,3,2,0,5,0,TROLEBUS,PUNTO_VENTA,2026-06,2026-06-22,Dom,False
2026-06-28,Trole Sur,Quitumbe,NORMAL,1268,7,2,0,9,0,TROLEBUS,TERMINAL,2026-06,2026-06-22,Dom,False
2026-06-29,Ecovía Norte,Río Coca,NORMAL,3079,17,5,1,23,0,ECOVIA,ESTACION,2026-06,2026-06-29,Lun,False
2026-06-29,Sur Oriental,Guamaní,NORMAL,162,11,3,1,15,0,ECOVIA,ESTACION,2026-06,2026-06-29,Lun,False
2026-06-29,Sur Oriental,Playón de la Marín,NORMAL,161,23,4,3,30,0,ECOVIA,ESTACION,2026-06,2026-06-29,Lun,False
2026-06-29,Trole Norte,Labrador,NORMAL,2081,33,5,0,38,0,TROLEBUS,ESTACION,2026-06,2026-06-29,Lun,False
2026-06-29,Trole Sur,El Recreo,NORMAL,1273,28,6,0,34,0,TROLEBUS,ESTACION,2026-06,2026-06-29,Lun,False
2026-06-29,Trole Sur,Plaza Chica,EVENTO,1276,72,29,4,105,0,TROLEBUS,EVENTO,2026-06,2026-06-29,Lun,False
2026-06-29,Trole Sur,Quitumbe,PUNTO_VENTA,1275,6,2,1,9,0,TROLEBUS,PUNTO_VENTA,2026-06,2026-06-29,Lun,False
2026-06-29,Trole Sur,Quitumbe,NORMAL,1272,16,2,1,19,0,TROLEBUS,TERMINAL,2026-06,2026-06-29,Lun,False
2026-06-30,Ecovía Norte,Río Coca,NORMAL,3080,26,3,2,31,0,ECOVIA,ESTACION,2026-06,2026-06-29,Mar,False
2026-06-30,Sur Oriental,Guamaní,NORMAL,164,3,4,0,7,0,ECOVIA,ESTACION,2026-06,2026-06-29,Mar,False
2026-06-30,Sur Oriental,Playón de la Marín,NORMAL,163,22,7,1,30,0,ECOVIA,ESTACION,2026-06,2026-06-29,Mar,False
2026-06-30,Trole Norte,Labrador,NORMAL,2082,28,4,1,33,0,TROLEBUS,ESTACION,2026-06,2026-06-29,Mar,False
2026-06-30,Trole Sur,El Recreo,NORMAL,1278,41,13,4,58,0,TROLEBUS,ESTACION,2026-06,2026-06-29,Mar,False
2026-06-30,Trole Sur,Las Cuadras,EVENTO,1279,89,35,3,127,0,TROLEBUS,EVENTO,2026-06,2026-06-29,Mar,False
2026-06-30,Trole Sur,Plaza Chica,EVENTO,1281,42,16,0,58,0,TROLEBUS,EVENTO,2026-06,2026-06-29,Mar,False
2026-06-30,Trole Sur,Quitumbe,PUNTO_VENTA,1280,4,2,0,6,0,TROLEBUS,PUNTO_VENTA,2026-06,2026-06-29,Mar,False
2026-06-30,Trole Sur,Quitumbe,NORMAL,1277,16,1,0,17,0,TROLEBUS,TERMINAL,2026-06,2026-06-29,Mar,False
2026-07-01,Ecovía Norte,Río Coca,NORMAL,3081,17,3,1,21,0,ECOVIA,ESTACION,2026-07,2026-06-29,Mié,False
2026-07-01,Sur Oriental,Guamaní,NORMAL,166,8,3,1,12,0,ECOVIA,ESTACION,2026-07,2026-06-29,Mié,False
2026-07-01,Sur Oriental,Playón de la Marín,NORMAL,165,21,3,0,24,0,ECOVIA,ESTACION,2026-07,2026-06-29,Mié,False
2026-07-01,Trole Norte,Labrador,NORMAL,2083,23,15,2,40,0,TROLEBUS,ESTACION,2026-07,2026-06-29,Mié,False
2026-07-01,Trole Sur,El Recreo,NORMAL,1283,40,4,0,44,0,TROLEBUS,ESTACION,2026-07,2026-06-29,Mié,False
2026-07-01,Trole Sur,La Colina,PARADA,1286,70,14,1,85,0,TROLEBUS,PARADA,2026-07,2026-06-29,Mié,False
2026-07-01,Trole Sur,Plaza Chica,EVENTO,1284,90,24,9,123,0,TROLEBUS,EVENTO,2026-07,2026-06-29,Mié,False
2026-07-01,Trole Sur,Quitumbe,NORMAL,1282,11,0,0,11,0,TROLEBUS,TERMINAL,2026-07,2026-06-29,Mié,False
2026-07-01,Trole Sur,Quitumbe,PUNTO_VENTA,1285,19,5,0,24,0,TROLEBUS,PUNTO_VENTA,2026-07,2026-06-29,Mié,True
2026-07-02,Ecovía Norte,Río Coca,NORMAL,3082,19,10,1,30,0,ECOVIA,ESTACION,2026-07,2026-06-29,Jue,False
2026-07-02,Sur Oriental,Guamaní,NORMAL,168,14,6,0,20,0,ECOVIA,ESTACION,2026-07,2026-06-29,Jue,False
2026-07-02,Sur Oriental,Playón de la Marín,NORMAL,167,16,1,0,17,0,ECOVIA,ESTACION,2026-07,2026-06-29,Jue,False
2026-07-02,Trole Norte,Labrador,NORMAL,2084,35,14,1,50,0,TROLEBUS,ESTACION,2026-07,2026-06-29,Jue,False
2026-07-02,Trole Sur,El Recreo,NORMAL,1288,51,24,5,80,0,TROLEBUS,ESTACION,2026-07,2026-06-29,Jue,False
2026-07-02,Trole Sur,La Colina,PARADA,1291,67,17,1,85,0,TROLEBUS,PARADA,2026-07,2026-06-29,Jue,False
2026-07-02,Trole Sur,Plaza Chica,EVENTO,1289,43,16,6,65,0,TROLEBUS,EVENTO,2026-07,2026-06-29,Jue,False
2026-07-02,Trole Sur,Quitumbe,NORMAL,1287,12,3,0,15,0,TROLEBUS,TERMINAL,2026-07,2026-06-29,Jue,False
2026-07-02,Trole Sur,Quitumbe,PUNTO_VENTA,1290,17,0,2,19,0,TROLEBUS,PUNTO_VENTA,2026-07,2026-06-29,Jue,True
2026-07-03,Ecovía Norte,Río Coca,NORMAL,3083,22,7,3,32,0,ECOVIA,ESTACION,2026-07,2026-06-29,Vie,False
2026-07-03,Sur Oriental,Guamaní,NORMAL,170,8,2,0,10,0,ECOVIA,ESTACION,2026-07,2026-06-29,Vie,False
2026-07-03,Sur Oriental,Playón de la Marín,NORMAL,169,21,8,1,30,0,ECOVIA,ESTACION,2026-07,2026-06-29,Vie,False
2026-07-03,Trole Norte,Labrador,NORMAL,2085,32,10,0,42,0,TROLEBUS,ESTACION,2026-07,2026-06-29,Vie,False
2026-07-03,Trole Sur,El Recreo,NORMAL,1293,61,21,4,86,0,TROLEBUS,ESTACION,2026-07,2026-06-29,Vie,False
2026-07-03,Trole Sur,La Colina,PARADA,1296,41,10,0,51,0,TROLEBUS,PARADA,2026-07,2026-06-29,Vie,False
2026-07-03,Trole Sur,Plaza Chica,EVENTO,1294,36,18,3,57,0,TROLEBUS,EVENTO,2026-07,2026-06-29,Vie,False
2026-07-03,Trole Sur,Quitumbe,NORMAL,1292,53,10,1,64,0,TROLEBUS,TERMINAL,2026-07,2026-06-29,Vie,False
2026-07-04,Ecovía Norte,Río Coca,NORMAL,3084,26,8,0,34,0,ECOVIA,ESTACION,2026-07,2026-06-29,Sáb,False
2026-07-04,Sur Oriental,Guamaní,NORMAL,172,5,2,0,7,0,ECOVIA,ESTACION,2026-07,2026-06-29,Sáb,False
2026-07-04,Sur Oriental,Playón de la Marín,NORMAL,171,37,4,2,43,0,ECOVIA,ESTACION,2026-07,2026-06-29,Sáb,False
2026-07-04,Trole Norte,Labrador,NORMAL,2086,44,10,2,56,0,TROLEBUS,ESTACION,2026-07,2026-06-29,Sáb,False
2026-07-04,Trole Sur,El Recreo,NORMAL,1298,25,6,1,32,0,TROLEBUS,ESTACION,2026-07,2026-06-29,Sáb,False
2026-07-04,Trole Sur,La Colina,PARADA,1300,34,3,2,39,0,TROLEBUS,PARADA,2026-07,2026-06-29,Sáb,False
2026-07-04,Trole Sur,Plaza Grande,EVENTO,1299,289,108,19,416,0,TROLEBUS,EVENTO,2026-07,2026-06-29,Sáb,True
2026-07-04,Trole Sur,Quitumbe,NORMAL,1297,44,11,3,58,0,TROLEBUS,TERMINAL,2026-07,2026-06-29,Sáb,False
2026-07-05,Ecovía Norte,Río Coca,NORMAL,3085,27,3,0,30,0,ECOVIA,ESTACION,2026-07,2026-06-29,Dom,False
2026-07-05,Sur Oriental,Guamaní,NORMAL,174,4,3,0,7,0,ECOVIA,ESTACION,2026-07,2026-06-29,Dom,False
2026-07-05,Sur Oriental,Playón de la Marín,NORMAL,173,33,3,1,37,0,ECOVIA,ESTACION,2026-07,2026-06-29,Dom,False
2026-07-05,Trole Norte,Labrador,NORMAL,2087,38,11,3,52,0,TROLEBUS,ESTACION,2026-07,2026-06-29,Dom,False
2026-07-05,Trole Sur,El Recreo,NORMAL,1302,25,8,2,35,0,TROLEBUS,ESTACION,2026-07,2026-06-29,Dom,False
2026-07-05,Trole Sur,La Colina,PARADA,1304,22,2,0,24,0,TROLEBUS,PARADA,2026-07,2026-06-29,Dom,False
2026-07-05,Trole Sur,Plaza Grande,EVENTO,1303,211,70,10,291,0,TROLEBUS,EVENTO,2026-07,2026-06-29,Dom,False
2026-07-05,Trole Sur,Quitumbe,NORMAL,1301,19,6,0,25,0,TROLEBUS,TERMINAL,2026-07,2026-06-29,Dom,False
2026-07-06,Ecovía Norte,Río Coca,NORMAL,3087,27,6,1,34,0,ECOVIA,ESTACION,2026-07,2026-07-06,Lun,False
2026-07-06,Ecovía Norte,Jipijapa,PARADA,3086,33,3,0,36,0,ECOVIA,PARADA,2026-07,2026-07-06,Lun,False
2026-07-06,Sur Oriental,Guamaní,NORMAL,176,5,5,0,10,0,ECOVIA,ESTACION,2026-07,2026-07-06,Lun,False
2026-07-06,Sur Oriental,Playón de la Marín,NORMAL,175,19,4,0,23,0,ECOVIA,ESTACION,2026-07,2026-07-06,Lun,False
2026-07-06,Trole Norte,Labrador,NORMAL,2088,28,7,3,38,0,TROLEBUS,ESTACION,2026-07,2026-07-06,Lun,False
2026-07-06,Trole Norte,Estadio,PARADA,2089,43,8,2,53,0,TROLEBUS,PARADA,2026-07,2026-07-06,Lun,False
2026-07-06,Trole Sur,El Recreo,NORMAL,1306,40,5,1,46,0,TROLEBUS,ESTACION,2026-07,2026-07-06,Lun,False
2026-07-06,Trole Sur,España,PARADA,1310,40,5,0,45,0,TROLEBUS,PARADA,2026-07,2026-07-06,Lun,False
2026-07-06,Trole Sur,Instituto Nueva Vida,EVENTO,1307,94,7,3,104,0,TROLEBUS,EVENTO,2026-07,2026-07-06,Lun,False
2026-07-06,Trole Sur,La Colina,PARADA,1308,14,3,0,17,0,TROLEBUS,PARADA,2026-07,2026-07-06,Lun,False
2026-07-06,Trole Sur,Plaza Chica,EVENTO,1309,0,0,0,0,0,TROLEBUS,EVENTO,2026-07,2026-07-06,Lun,False
2026-07-06,Trole Sur,Quitumbe,NORMAL,1305,9,5,2,16,0,TROLEBUS,TERMINAL,2026-07,2026-07-06,Lun,False
2026-07-07,Ecovía Norte,Río Coca,NORMAL,3089,22,9,0,31,0,ECOVIA,ESTACION,2026-07,2026-07-06,Mar,False
2026-07-07,Ecovía Norte,Jipijapa,PARADA,3088,66,4,0,70,0,ECOVIA,PARADA,2026-07,2026-07-06,Mar,False
2026-07-07,Sur Oriental,Guamaní,NORMAL,178,10,1,0,11,0,ECOVIA,ESTACION,2026-07,2026-07-06,Mar,False
2026-07-07,Sur Oriental,Playón de la Marín,NORMAL,177,20,1,6,27,0,ECOVIA,ESTACION,2026-07,2026-07-06,Mar,False
2026-07-07,Trole Norte,Labrador,NORMAL,2091,38,6,0,44,0,TROLEBUS,ESTACION,2026-07,2026-07-06,Mar,False
2026-07-07,Trole Norte,Estadio,PARADA,2090,48,4,2,54,0,TROLEBUS,PARADA,2026-07,2026-07-06,Mar,False
2026-07-07,Trole Sur,Centro Gerontológico,EVENTO,1313,4,11,2,17,0,TROLEBUS,EVENTO,2026-07,2026-07-06,Mar,False
2026-07-07,Trole Sur,El Recreo,NORMAL,1312,38,11,2,51,0,TROLEBUS,ESTACION,2026-07,2026-07-06,Mar,False
2026-07-07,Trole Sur,España,PARADA,1316,33,6,2,41,0,TROLEBUS,PARADA,2026-07,2026-07-06,Mar,False
2026-07-07,Trole Sur,La Colina,PARADA,1314,22,8,1,31,0,TROLEBUS,PARADA,2026-07,2026-07-06,Mar,False
2026-07-07,Trole Sur,Plaza Chica,EVENTO,1315,60,18,3,81,0,TROLEBUS,EVENTO,2026-07,2026-07-06,Mar,False
2026-07-07,Trole Sur,Quitumbe,NORMAL,1311,15,3,0,18,0,TROLEBUS,TERMINAL,2026-07,2026-07-06,Mar,False
2026-07-08,Ecovía Norte,Río Coca,NORMAL,3090,15,2,0,17,0,ECOVIA,ESTACION,2026-07,2026-07-06,Mié,False
2026-07-08,Ecovía Norte,Jipijapa,PARADA,3091,55,8,1,64,0,ECOVIA,PARADA,2026-07,2026-07-06,Mié,False
2026-07-08,Sur Oriental,Guamaní,NORMAL,180,18,1,0,19,0,ECOVIA,ESTACION,2026-07,2026-07-06,Mié,False
2026-07-08,Sur Oriental,Playón de la Marín,NORMAL,179,17,0,2,19,0,ECOVIA,ESTACION,2026-07,2026-07-06,Mié,False
2026-07-08,Trole Norte,Labrador,NORMAL,2093,39,10,1,50,0,TROLEBUS,ESTACION,2026-07,2026-07-06,Mié,False
2026-07-08,Trole Norte,Estadio,PARADA,2092,36,10,3,49,0,TROLEBUS,PARADA,2026-07,2026-07-06,Mié,False
2026-07-08,Trole Sur,Centro Gerontológico,EVENTO,1319,11,13,2,26,0,TROLEBUS,EVENTO,2026-07,2026-07-06,Mié,False
2026-07-08,Trole Sur,El Recreo,NORMAL,1318,38,11,0,49,0,TROLEBUS,ESTACION,2026-07,2026-07-06,Mié,False
2026-07-08,Trole Sur,España,PARADA,1322,39,14,0,53,0,TROLEBUS,PARADA,2026-07,2026-07-06,Mié,False
2026-07-08,Trole Sur,La Colina,PARADA,1320,10,4,4,18,0,TROLEBUS,PARADA,2026-07,2026-07-06,Mié,False
2026-07-08,Trole Sur,Plaza Chica,EVENTO,1321,32,18,3,53,0,TROLEBUS,EVENTO,2026-07,2026-07-06,Mié,False
2026-07-08,Trole Sur,Quitumbe,NORMAL,1317,32,6,0,38,0,TROLEBUS,TERMINAL,2026-07,2026-07-06,Mié,False
2026-07-09,Ecovía Norte,Río Coca,NORMAL,3092,16,6,2,24,0,ECOVIA,ESTACION,2026-07,2026-07-06,Jue,False
2026-07-09,Ecovía Norte,Jipijapa,PARADA,3093,57,10,4,71,0,ECOVIA,PARADA,2026-07,2026-07-06,Jue,False
2026-07-09,Sur Oriental,Guamaní,NORMAL,182,8,0,0,8,0,ECOVIA,ESTACION,2026-07,2026-07-06,Jue,False
2026-07-09,Sur Oriental,Playón de la Marín,NORMAL,181,41,4,2,47,0,ECOVIA,ESTACION,2026-07,2026-07-06,Jue,False
2026-07-09,Trole Norte,Labrador,NORMAL,2095,32,6,3,41,0,TROLEBUS,ESTACION,2026-07,2026-07-06,Jue,False
2026-07-09,Trole Norte,Estadio,PARADA,2094,53,8,0,61,0,TROLEBUS,PARADA,2026-07,2026-07-06,Jue,False
2026-07-09,Trole Sur,El Recreo,NORMAL,1324,27,7,2,36,0,TROLEBUS,ESTACION,2026-07,2026-07-06,Jue,False
2026-07-09,Trole Sur,España,PARADA,1328,12,0,2,14,0,TROLEBUS,PARADA,2026-07,2026-07-06,Jue,False
2026-07-09,Trole Sur,La Colina,PARADA,1326,12,8,2,22,0,TROLEBUS,PARADA,2026-07,2026-07-06,Jue,False
2026-07-09,Trole Sur,Mercado Las Cuadras,EVENTO,1325,29,19,0,48,0,TROLEBUS,EVENTO,2026-07,2026-07-06,Jue,False
2026-07-09,Trole Sur,Plaza Chica,EVENTO,1327,31,12,4,47,0,TROLEBUS,EVENTO,2026-07,2026-07-06,Jue,False
2026-07-09,Trole Sur,Quitumbe,NORMAL,1323,24,9,3,36,0,TROLEBUS,TERMINAL,2026-07,2026-07-06,Jue,False
2026-07-10,Ecovía Norte,Río Coca,NORMAL,3095,26,4,0,30,0,ECOVIA,ESTACION,2026-07,2026-07-06,Vie,False
2026-07-10,Ecovía Norte,Jipijapa,PARADA,3094,55,7,3,65,0,ECOVIA,PARADA,2026-07,2026-07-06,Vie,False
2026-07-10,Sur Oriental,Guamaní,NORMAL,184,13,3,1,17,0,ECOVIA,ESTACION,2026-07,2026-07-06,Vie,False
2026-07-10,Sur Oriental,Playón de la Marín,NORMAL,183,34,7,1,42,0,ECOVIA,ESTACION,2026-07,2026-07-06,Vie,False
2026-07-10,Trole Norte,Labrador,NORMAL,2096,51,11,0,62,0,TROLEBUS,ESTACION,2026-07,2026-07-06,Vie,False
2026-07-10,Trole Norte,Estadio,PARADA,2097,50,7,4,61,0,TROLEBUS,PARADA,2026-07,2026-07-06,Vie,False
2026-07-10,Trole Sur,Conjunto La Mena,EVENTO,1331,14,9,0,23,0,TROLEBUS,EVENTO,2026-07,2026-07-06,Vie,False
2026-07-10,Trole Sur,El Recreo,NORMAL,1330,36,12,5,53,0,TROLEBUS,ESTACION,2026-07,2026-07-06,Vie,False
2026-07-10,Trole Sur,España,PARADA,1334,9,5,0,14,0,TROLEBUS,PARADA,2026-07,2026-07-06,Vie,False
2026-07-10,Trole Sur,La Colina,PARADA,1332,9,2,2,13,0,TROLEBUS,PARADA,2026-07,2026-07-06,Vie,False
2026-07-10,Trole Sur,Plaza Chica,EVENTO,1333,83,32,7,122,0,TROLEBUS,EVENTO,2026-07,2026-07-06,Vie,False
2026-07-10,Trole Sur,Quitumbe,NORMAL,1329,18,4,2,24,0,TROLEBUS,TERMINAL,2026-07,2026-07-06,Vie,False
2026-07-11,Ecovía Norte,Río Coca,NORMAL,3097,21,4,2,27,0,ECOVIA,ESTACION,2026-07,2026-07-06,Sáb,False
2026-07-11,Ecovía Norte,Jipijapa,PARADA,3096,29,2,0,31,0,ECOVIA,PARADA,2026-07,2026-07-06,Sáb,False
2026-07-11,Sur Oriental,Guamaní,NORMAL,186,23,5,0,28,0,ECOVIA,ESTACION,2026-07,2026-07-06,Sáb,False
2026-07-11,Sur Oriental,Playón de la Marín,NORMAL,185,20,5,1,26,0,ECOVIA,ESTACION,2026-07,2026-07-06,Sáb,False
2026-07-11,Trole Norte,Labrador,NORMAL,2098,40,13,3,56,0,TROLEBUS,ESTACION,2026-07,2026-07-06,Sáb,False
2026-07-11,Trole Norte,Estadio,PARADA,2099,32,10,0,42,0,TROLEBUS,PARADA,2026-07,2026-07-06,Sáb,False
2026-07-11,Trole Sur,Conjunto La Mena,EVENTO,1339,16,2,1,19,0,TROLEBUS,EVENTO,2026-07,2026-07-06,Sáb,False
2026-07-11,Trole Sur,El Recreo,NORMAL,1336,30,6,2,38,0,TROLEBUS,ESTACION,2026-07,2026-07-06,Sáb,False
2026-07-11,Trole Sur,España,PARADA,1340,14,4,1,19,0,TROLEBUS,PARADA,2026-07,2026-07-06,Sáb,False
2026-07-11,Trole Sur,La Colina,PARADA,1338,2,13,1,16,0,TROLEBUS,PARADA,2026-07,2026-07-06,Sáb,False
2026-07-11,Trole Sur,Plaza Grande,EVENTO,1337,190,58,8,256,0,TROLEBUS,EVENTO,2026-07,2026-07-06,Sáb,False
2026-07-11,Trole Sur,Quitumbe,NORMAL,1335,11,3,4,18,0,TROLEBUS,TERMINAL,2026-07,2026-07-06,Sáb,False
2026-07-12,Ecovía Norte,Río Coca,NORMAL,3098,12,2,0,14,0,ECOVIA,ESTACION,2026-07,2026-07-06,Dom,False
2026-07-12,Ecovía Norte,Jipijapa,PARADA,3099,21,0,0,21,0,ECOVIA,PARADA,2026-07,2026-07-06,Dom,False
2026-07-12,Sur Oriental,Guamaní,NORMAL,188,17,3,0,20,0,ECOVIA,ESTACION,2026-07,2026-07-06,Dom,False
2026-07-12,Sur Oriental,Playón de la Marín,NORMAL,187,50,11,0,61,0,ECOVIA,ESTACION,2026-07,2026-07-06,Dom,False
2026-07-12,Trole Norte,Labrador,NORMAL,2101,41,5,1,47,0,TROLEBUS,ESTACION,2026-07,2026-07-06,Dom,False
2026-07-12,Trole Norte,Estadio,PARADA,2100,7,1,1,9,0,TROLEBUS,PARADA,2026-07,2026-07-06,Dom,False
2026-07-12,Trole Sur,El Recreo,NORMAL,1342,124,32,9,165,0,TROLEBUS,ESTACION,2026-07,2026-07-06,Dom,False
2026-07-12,Trole Sur,España,PARADA,1345,1,6,0,7,0,TROLEBUS,PARADA,2026-07,2026-07-06,Dom,False
2026-07-12,Trole Sur,La Colina,PARADA,1344,9,4,0,13,0,TROLEBUS,PARADA,2026-07,2026-07-06,Dom,False
2026-07-12,Trole Sur,Plaza Grande,EVENTO,1343,166,65,7,238,0,TROLEBUS,EVENTO,2026-07,2026-07-06,Dom,False
2026-07-12,Trole Sur,Quitumbe,NORMAL,1341,11,5,0,16,0,TROLEBUS,TERMINAL,2026-07,2026-07-06,Dom,False
2026-07-13,Ecovía Norte,Río Coca,NORMAL,3100,20,3,3,26,0,ECOVIA,ESTACION,2026-07,2026-07-13,Lun,False
2026-07-13,Ecovía Norte,Jipijapa,PARADA,3101,49,6,0,55,0,ECOVIA,PARADA,2026-07,2026-07-13,Lun,False
2026-07-13,Sur Oriental,Guamaní,NORMAL,190,28,2,0,30,0,ECOVIA,ESTACION,2026-07,2026-07-13,Lun,False
2026-07-13,Sur Oriental,Playón de la Marín,NORMAL,189,21,5,2,28,0,ECOVIA,ESTACION,2026-07,2026-07-13,Lun,False
2026-07-13,Trole Norte,Labrador,NORMAL,2102,39,11,4,54,0,TROLEBUS,ESTACION,2026-07,2026-07-13,Lun,False
2026-07-13,Trole Sur,ARCA,EVENTO,1348,47,18,2,67,0,TROLEBUS,EVENTO,2026-07,2026-07-13,Lun,False
2026-07-13,Trole Sur,El Recreo,NORMAL,1347,74,22,4,100,0,TROLEBUS,ESTACION,2026-07,2026-07-13,Lun,False
2026-07-13,Trole Sur,España,PARADA,1351,5,2,2,9,0,TROLEBUS,PARADA,2026-07,2026-07-13,Lun,False
2026-07-13,Trole Sur,La Colina,PARADA,1349,11,8,0,19,0,TROLEBUS,PARADA,2026-07,2026-07-13,Lun,False
2026-07-13,Trole Sur,Plaza Chica,EVENTO,1350,67,23,1,91,0,TROLEBUS,EVENTO,2026-07,2026-07-13,Lun,False
2026-07-13,Trole Sur,Quitumbe,NORMAL,1346,22,4,0,26,0,TROLEBUS,TERMINAL,2026-07,2026-07-13,Lun,False
2026-07-14,Ecovía Norte,Río Coca,NORMAL,3102,20,5,1,26,0,ECOVIA,ESTACION,2026-07,2026-07-13,Mar,False
2026-07-14,Ecovía Norte,Jipijapa,PARADA,3103,61,2,2,65,0,ECOVIA,PARADA,2026-07,2026-07-13,Mar,False
2026-07-14,Sur Oriental,Guamaní,NORMAL,192,18,5,0,23,0,ECOVIA,ESTACION,2026-07,2026-07-13,Mar,False
2026-07-14,Sur Oriental,Playón de la Marín,NORMAL,191,24,6,2,32,0,ECOVIA,ESTACION,2026-07,2026-07-13,Mar,False
2026-07-14,Trole Norte,Labrador,NORMAL,2103,31,6,0,37,0,TROLEBUS,ESTACION,2026-07,2026-07-13,Mar,False
2026-07-14,Trole Norte,Estadio,PARADA,2104,42,7,2,51,0,TROLEBUS,PARADA,2026-07,2026-07-13,Mar,False
2026-07-14,Trole Sur,El Recreo,NORMAL,1353,50,15,3,68,0,TROLEBUS,ESTACION,2026-07,2026-07-13,Mar,False
2026-07-14,Trole Sur,España,PARADA,1357,5,4,1,10,0,TROLEBUS,PARADA,2026-07,2026-07-13,Mar,False
2026-07-14,Trole Sur,La Colina,PARADA,1355,15,4,2,21,0,TROLEBUS,PARADA,2026-07,2026-07-13,Mar,False
2026-07-14,Trole Sur,Mercado Las Cuadras,EVENTO,1354,35,13,1,49,0,TROLEBUS,EVENTO,2026-07,2026-07-13,Mar,False
2026-07-14,Trole Sur,Plaza Chica,EVENTO,1356,72,34,5,111,0,TROLEBUS,EVENTO,2026-07,2026-07-13,Mar,False
2026-07-14,Trole Sur,Quitumbe,NORMAL,1352,25,8,1,34,0,TROLEBUS,TERMINAL,2026-07,2026-07-13,Mar,False
2026-07-15,Ecovía Norte,Río Coca,NORMAL,3105,22,5,2,29,0,ECOVIA,ESTACION,2026-07,2026-07-13,Mié,False
2026-07-15,Ecovía Norte,Jipijapa,PARADA,3104,52,10,4,66,0,ECOVIA,PARADA,2026-07,2026-07-13,Mié,False
2026-07-15,Sur Oriental,Guamaní,NORMAL,194,4,1,0,5,0,ECOVIA,ESTACION,2026-07,2026-07-13,Mié,False
2026-07-15,Sur Oriental,Playón de la Marín,NORMAL,193,92,7,6,105,0,ECOVIA,ESTACION,2026-07,2026-07-13,Mié,False
2026-07-15,Trole Norte,Labrador,NORMAL,2106,37,5,1,43,0,TROLEBUS,ESTACION,2026-07,2026-07-13,Mié,False
2026-07-15,Trole Norte,Estadio,PARADA,2105,44,11,1,56,0,TROLEBUS,PARADA,2026-07,2026-07-13,Mié,False
2026-07-15,Trole Sur,Casa Somos,EVENTO,1360,121,66,3,190,0,TROLEBUS,EVENTO,2026-07,2026-07-13,Mié,False
2026-07-15,Trole Sur,El Recreo,NORMAL,1359,40,14,1,55,0,TROLEBUS,ESTACION,2026-07,2026-07-13,Mié,False
2026-07-15,Trole Sur,España,PARADA,1363,28,6,1,35,0,TROLEBUS,PARADA,2026-07,2026-07-13,Mié,False
2026-07-15,Trole Sur,La Colina,PARADA,1361,14,6,1,21,0,TROLEBUS,PARADA,2026-07,2026-07-13,Mié,False
2026-07-15,Trole Sur,Plaza Chica,EVENTO,1362,25,11,4,40,0,TROLEBUS,EVENTO,2026-07,2026-07-13,Mié,False
2026-07-15,Trole Sur,Quitumbe,NORMAL,1358,19,7,0,26,0,TROLEBUS,TERMINAL,2026-07,2026-07-13,Mié,False
2026-07-16,Ecovía Norte,Río Coca,NORMAL,3107,28,4,1,33,0,ECOVIA,ESTACION,2026-07,2026-07-13,Jue,False
2026-07-16,Ecovía Norte,Jipijapa,PARADA,3106,29,4,0,33,0,ECOVIA,PARADA,2026-07,2026-07-13,Jue,False
2026-07-16,Sur Oriental,Guamaní,NORMAL,196,5,3,0,8,0,ECOVIA,ESTACION,2026-07,2026-07-13,Jue,False
2026-07-16,Sur Oriental,Playón de la Marín,NORMAL,195,180,11,8,199,0,ECOVIA,ESTACION,2026-07,2026-07-13,Jue,True
2026-07-16,Trole Norte,Labrador,NORMAL,2107,31,8,1,40,0,TROLEBUS,ESTACION,2026-07,2026-07-13,Jue,False
2026-07-16,Trole Norte,Estadio,PARADA,2108,48,10,3,61,0,TROLEBUS,PARADA,2026-07,2026-07-13,Jue,False
2026-07-16,Trole Sur,Casa Somos,EVENTO,1366,58,28,1,87,0,TROLEBUS,EVENTO,2026-07,2026-07-13,Jue,False
2026-07-16,Trole Sur,El Recreo,NORMAL,1365,46,14,3,63,0,TROLEBUS,ESTACION,2026-07,2026-07-13,Jue,False
2026-07-16,Trole Sur,España,PARADA,1369,14,3,3,20,0,TROLEBUS,PARADA,2026-07,2026-07-13,Jue,False
2026-07-16,Trole Sur,La Colina,PARADA,1367,14,8,0,22,0,TROLEBUS,PARADA,2026-07,2026-07-13,Jue,False
2026-07-16,Trole Sur,Plaza Chica,EVENTO,1368,54,24,5,83,0,TROLEBUS,EVENTO,2026-07,2026-07-13,Jue,False
2026-07-16,Trole Sur,Quitumbe,NORMAL,1364,12,10,0,22,0,TROLEBUS,TERMINAL,2026-07,2026-07-13,Jue,False
2026-07-17,Ecovía Norte,Río Coca,NORMAL,3109,24,10,1,35,0,ECOVIA,ESTACION,2026-07,2026-07-13,Vie,False
2026-07-17,Ecovía Norte,Jipijapa,PARADA,3108,28,0,1,29,0,ECOVIA,PARADA,2026-07,2026-07-13,Vie,False
2026-07-17,Sur Oriental,Guamaní,NORMAL,198,3,3,0,6,0,ECOVIA,ESTACION,2026-07,2026-07-13,Vie,False
2026-07-17,Sur Oriental,Playón de la Marín,NORMAL,197,103,7,3,113,0,ECOVIA,ESTACION,2026-07,2026-07-13,Vie,False
2026-07-17,Trole Norte,Labrador,NORMAL,2109,45,16,1,62,0,TROLEBUS,ESTACION,2026-07,2026-07-13,Vie,False
2026-07-17,Trole Norte,Estadio,PARADA,2110,35,9,2,46,0,TROLEBUS,PARADA,2026-07,2026-07-13,Vie,False
2026-07-17,Trole Sur,ConQuito,EVENTO,1372,272,8,15,295,0,TROLEBUS,EVENTO,2026-07,2026-07-13,Vie,False
2026-07-17,Trole Sur,El Recreo,NORMAL,1371,34,12,3,49,0,TROLEBUS,ESTACION,2026-07,2026-07-13,Vie,False
2026-07-17,Trole Sur,España,PARADA,1375,15,3,0,18,0,TROLEBUS,PARADA,2026-07,2026-07-13,Vie,False
2026-07-17,Trole Sur,La Colina,PARADA,1373,21,12,1,34,0,TROLEBUS,PARADA,2026-07,2026-07-13,Vie,False
2026-07-17,Trole Sur,PJ,EVENTO,1374,81,26,1,108,0,TROLEBUS,EVENTO,2026-07,2026-07-13,Vie,False
2026-07-17,Trole Sur,Quitumbe,NORMAL,1370,10,1,1,12,0,TROLEBUS,TERMINAL,2026-07,2026-07-13,Vie,False
2026-07-18,Ecovía Norte,Río Coca,NORMAL,3111,22,1,0,23,0,ECOVIA,ESTACION,2026-07,2026-07-13,Sáb,False
2026-07-18,Ecovía Norte,Jipijapa,PARADA,3110,17,3,2,22,0,ECOVIA,PARADA,2026-07,2026-07-13,Sáb,False
2026-07-18,Sur Oriental,Guamaní,NORMAL,200,7,1,0,8,0,ECOVIA,ESTACION,2026-07,2026-07-13,Sáb,False
2026-07-18,Sur Oriental,Playón de la Marín,NORMAL,199,31,8,0,39,0,ECOVIA,ESTACION,2026-07,2026-07-13,Sáb,False
2026-07-18,Trole Norte,Labrador,NORMAL,2112,49,8,3,60,0,TROLEBUS,ESTACION,2026-07,2026-07-13,Sáb,False
2026-07-18,Trole Norte,Estadio,PARADA,2111,26,3,1,30,0,TROLEBUS,PARADA,2026-07,2026-07-13,Sáb,False
2026-07-18,Trole Sur,El Recreo,NORMAL,1377,105,26,6,137,0,TROLEBUS,ESTACION,2026-07,2026-07-13,Sáb,False
2026-07-18,Trole Sur,España,PARADA,1381,5,0,0,5,0,TROLEBUS,PARADA,2026-07,2026-07-13,Sáb,False
2026-07-18,Trole Sur,La Colina,PARADA,1379,5,9,1,15,0,TROLEBUS,PARADA,2026-07,2026-07-13,Sáb,False
2026-07-18,Trole Sur,Plaza Grande,EVENTO,1380,66,29,2,97,0,TROLEBUS,EVENTO,2026-07,2026-07-13,Sáb,False
2026-07-18,Trole Sur,Quitumbe,NORMAL,1376,16,1,2,19,0,TROLEBUS,TERMINAL,2026-07,2026-07-13,Sáb,False
2026-07-18,Trole Sur,Tingo,EVENTO,1378,50,15,4,69,0,TROLEBUS,EVENTO,2026-07,2026-07-13,Sáb,False
2026-07-19,Ecovía Norte,Río Coca,NORMAL,3113,7,3,0,10,0,ECOVIA,ESTACION,2026-07,2026-07-13,Dom,False
2026-07-19,Ecovía Norte,Jipijapa,PARADA,3112,27,1,0,28,0,ECOVIA,PARADA,2026-07,2026-07-13,Dom,False
2026-07-19,Sur Oriental,Guamaní,NORMAL,202,6,3,0,9,0,ECOVIA,ESTACION,2026-07,2026-07-13,Dom,False
2026-07-19,Sur Oriental,Playón de la Marín,NORMAL,201,23,2,1,26,0,ECOVIA,ESTACION,2026-07,2026-07-13,Dom,False
2026-07-19,Trole Norte,Labrador,NORMAL,2114,30,4,0,34,0,TROLEBUS,ESTACION,2026-07,2026-07-13,Dom,False
2026-07-19,Trole Norte,Estadio,PARADA,2113,12,1,1,14,0,TROLEBUS,PARADA,2026-07,2026-07-13,Dom,False
2026-07-19,Trole Sur,El Recreo,NORMAL,1383,13,2,1,16,0,TROLEBUS,ESTACION,2026-07,2026-07-13,Dom,False
2026-07-19,Trole Sur,España,PARADA,1387,11,6,1,18,0,TROLEBUS,PARADA,2026-07,2026-07-13,Dom,False
2026-07-19,Trole Sur,La Colina,PARADA,1385,4,2,0,6,0,TROLEBUS,PARADA,2026-07,2026-07-13,Dom,False
2026-07-19,Trole Sur,Plaza Grande,EVENTO,1384,155,58,10,223,0,TROLEBUS,EVENTO,2026-07,2026-07-13,Dom,False
2026-07-19,Trole Sur,Quitumbe,NORMAL,1382,37,6,1,44,0,TROLEBUS,TERMINAL,2026-07,2026-07-13,Dom,False
2026-07-20,Ecovía Norte,Río Coca,NORMAL,3115,33,10,2,45,0,ECOVIA,ESTACION,2026-07,2026-07-20,Lun,False
2026-07-20,Ecovía Norte,Jipijapa,PARADA,3114,33,4,1,38,0,ECOVIA,PARADA,2026-07,2026-07-20,Lun,False
2026-07-20,Sur Oriental,Guamaní,NORMAL,204,6,5,0,11,0,ECOVIA,ESTACION,2026-07,2026-07-20,Lun,False
2026-07-20,Sur Oriental,Playón de la Marín,NORMAL,203,44,11,2,57,0,ECOVIA,ESTACION,2026-07,2026-07-20,Lun,False
2026-07-20,Trole Norte,Labrador,NORMAL,2116,39,7,0,46,0,TROLEBUS,ESTACION,2026-07,2026-07-20,Lun,False
2026-07-20,Trole Norte,Estadio,PARADA,2115,33,6,2,41,0,TROLEBUS,PARADA,2026-07,2026-07-20,Lun,False
2026-07-20,Trole Sur,Casa Somos,EVENTO,1390,93,40,3,136,0,TROLEBUS,EVENTO,2026-07,2026-07-20,Lun,False
2026-07-20,Trole Sur,El Recreo,NORMAL,1389,41,13,2,56,0,TROLEBUS,ESTACION,2026-07,2026-07-20,Lun,False
2026-07-20,Trole Sur,España,PARADA,1393,23,6,0,29,0,TROLEBUS,PARADA,2026-07,2026-07-20,Lun,False
2026-07-20,Trole Sur,La Colina,PARADA,1391,11,8,0,19,0,TROLEBUS,PARADA,2026-07,2026-07-20,Lun,False
2026-07-20,Trole Sur,Plaza Chica,EVENTO,1392,35,8,3,46,0,TROLEBUS,EVENTO,2026-07,2026-07-20,Lun,False
2026-07-20,Trole Sur,Quitumbe,NORMAL,1388,38,13,3,54,0,TROLEBUS,TERMINAL,2026-07,2026-07-20,Lun,False
2026-07-21,Ecovía Norte,Río Coca,NORMAL,3117,18,8,2,28,0,ECOVIA,ESTACION,2026-07,2026-07-20,Mar,False
2026-07-21,Ecovía Norte,Jipijapa,PARADA,3116,42,8,2,52,0,ECOVIA,PARADA,2026-07,2026-07-20,Mar,False
2026-07-21,Sur Oriental,Guamaní,NORMAL,206,10,4,0,14,0,ECOVIA,ESTACION,2026-07,2026-07-20,Mar,False
2026-07-21,Sur Oriental,Playón de la Marín,NORMAL,205,81,8,5,94,0,ECOVIA,ESTACION,2026-07,2026-07-20,Mar,False
2026-07-21,Trole Norte,Labrador,NORMAL,2118,42,12,1,55,0,TROLEBUS,ESTACION,2026-07,2026-07-20,Mar,False
2026-07-21,Trole Norte,Estadio,PARADA,2117,57,4,2,63,0,TROLEBUS,PARADA,2026-07,2026-07-20,Mar,False
2026-07-21,Trole Sur,Casa Somos,EVENTO,1396,84,50,2,136,0,TROLEBUS,EVENTO,2026-07,2026-07-20,Mar,False
2026-07-21,Trole Sur,El Recreo,NORMAL,1395,68,20,1,89,0,TROLEBUS,ESTACION,2026-07,2026-07-20,Mar,False
2026-07-21,Trole Sur,España,PARADA,1399,12,3,0,15,0,TROLEBUS,PARADA,2026-07,2026-07-20,Mar,False
2026-07-21,Trole Sur,La Colina,PARADA,1397,31,11,0,42,0,TROLEBUS,PARADA,2026-07,2026-07-20,Mar,False
2026-07-21,Trole Sur,Plaza Chica,EVENTO,1398,60,28,3,91,0,TROLEBUS,EVENTO,2026-07,2026-07-20,Mar,False
2026-07-21,Trole Sur,Quitumbe,NORMAL,1394,34,3,4,41,0,TROLEBUS,TERMINAL,2026-07,2026-07-20,Mar,False
2026-07-22,Ecovía Norte,Río Coca,NORMAL,318,45,9,6,60,0,ECOVIA,ESTACION,2026-07,2026-07-20,Mié,False
2026-07-22,Ecovía Norte,Jipijapa,PARADA,3119,24,4,0,28,0,ECOVIA,PARADA,2026-07,2026-07-20,Mié,False
2026-07-22,Sur Oriental,Guamaní,NORMAL,208,14,2,1,17,0,ECOVIA,ESTACION,2026-07,2026-07-20,Mié,False
2026-07-22,Sur Oriental,Playón de la Marín,NORMAL,207,55,15,2,72,0,ECOVIA,ESTACION,2026-07,2026-07-20,Mié,False
2026-07-22,Trole Norte,Labrador,NORMAL,2119,39,10,1,50,0,TROLEBUS,ESTACION,2026-07,2026-07-20,Mié,False
2026-07-22,Trole Norte,Estadio,PARADA,2120,54,11,1,66,0,TROLEBUS,PARADA,2026-07,2026-07-20,Mié,False
2026-07-22,Trole Sur,Casa Somos,EVENTO,1402,71,29,1,101,0,TROLEBUS,EVENTO,2026-07,2026-07-20,Mié,False
2026-07-22,Trole Sur,El Recreo,NORMAL,1401,48,15,0,63,0,TROLEBUS,ESTACION,2026-07,2026-07-20,Mié,False
2026-07-22,Trole Sur,España,PARADA,1405,6,6,1,13,0,TROLEBUS,PARADA,2026-07,2026-07-20,Mié,False
2026-07-22,Trole Sur,La Colina,PARADA,1403,20,5,2,27,0,TROLEBUS,PARADA,2026-07,2026-07-20,Mié,False
2026-07-22,Trole Sur,Plaza Chica,EVENTO,1404,31,11,5,47,0,TROLEBUS,EVENTO,2026-07,2026-07-20,Mié,False
2026-07-22,Trole Sur,Quitumbe,NORMAL,1400,37,9,1,47,0,TROLEBUS,TERMINAL,2026-07,2026-07-20,Mié,False
2026-07-23,Ecovía Norte,Río Coca,NORMAL,3321,22,3,0,25,0,ECOVIA,ESTACION,2026-07,2026-07-20,Jue,False
2026-07-23,Ecovía Norte,Jipijapa,PARADA,3320,26,2,0,28,0,ECOVIA,PARADA,2026-07,2026-07-20,Jue,False
2026-07-23,Sur Oriental,Guamaní,NORMAL,210,8,4,1,13,0,ECOVIA,ESTACION,2026-07,2026-07-20,Jue,False
2026-07-23,Sur Oriental,Playón de la Marín,NORMAL,209,88,9,3,100,0,ECOVIA,ESTACION,2026-07,2026-07-20,Jue,False
2026-07-23,Trole Norte,Labrador,NORMAL,2121,40,15,3,58,0,TROLEBUS,ESTACION,2026-07,2026-07-20,Jue,False
2026-07-23,Trole Norte,Estadio,PARADA,2122,32,13,1,46,0,TROLEBUS,PARADA,2026-07,2026-07-20,Jue,False
2026-07-23,Trole Sur,Casa de la Cultura,EVENTO,1408,86,32,2,120,0,TROLEBUS,EVENTO,2026-07,2026-07-20,Jue,False
2026-07-23,Trole Sur,El Recreo,NORMAL,1407,37,16,1,54,0,TROLEBUS,ESTACION,2026-07,2026-07-20,Jue,False
2026-07-23,Trole Sur,España,PARADA,1411,6,2,0,8,0,TROLEBUS,PARADA,2026-07,2026-07-20,Jue,False
2026-07-23,Trole Sur,La Colina,PARADA,1409,13,6,0,19,0,TROLEBUS,PARADA,2026-07,2026-07-20,Jue,False
2026-07-23,Trole Sur,Plaza Chica,EVENTO,1410,76,31,4,111,0,TROLEBUS,EVENTO,2026-07,2026-07-20,Jue,False
2026-07-23,Trole Sur,Quitumbe,NORMAL,1406,22,8,2,32,0,TROLEBUS,TERMINAL,2026-07,2026-07-20,Jue,False
2026-07-24,Ecovía Norte,Río Coca,NORMAL,3323,22,9,0,31,0,ECOVIA,ESTACION,2026-07,2026-07-20,Vie,False
2026-07-24,Ecovía Norte,Jipijapa,PARADA,3322,17,3,0,20,0,ECOVIA,PARADA,2026-07,2026-07-20,Vie,False
2026-07-24,Sur Oriental,Guamaní,NORMAL,212,25,4,3,32,0,ECOVIA,ESTACION,2026-07,2026-07-20,Vie,False
2026-07-24,Sur Oriental,Playón de la Marín,NORMAL,211,82,13,2,97,0,ECOVIA,ESTACION,2026-07,2026-07-20,Vie,False
2026-07-24,Trole Norte,Labrador,NORMAL,2124,53,16,2,71,0,TROLEBUS,ESTACION,2026-07,2026-07-20,Vie,False
2026-07-24,Trole Norte,Estadio,PARADA,2123,19,6,4,29,0,TROLEBUS,PARADA,2026-07,2026-07-20,Vie,False
2026-07-24,Trole Sur,El Recreo,NORMAL,1413,47,14,3,64,0,TROLEBUS,ESTACION,2026-07,2026-07-20,Vie,False
2026-07-24,Trole Sur,España,PARADA,1417,17,5,3,25,0,TROLEBUS,PARADA,2026-07,2026-07-20,Vie,False
2026-07-24,Trole Sur,Ipiales del Sur,EVENTO,1414,93,29,4,126,0,TROLEBUS,EVENTO,2026-07,2026-07-20,Vie,False
2026-07-24,Trole Sur,La Colina,PARADA,1415,8,9,0,17,0,TROLEBUS,PARADA,2026-07,2026-07-20,Vie,False
2026-07-24,Trole Sur,Plaza Chica,EVENTO,1416,89,20,2,111,0,TROLEBUS,EVENTO,2026-07,2026-07-20,Vie,False
2026-07-24,Trole Sur,Quitumbe,NORMAL,1412,33,8,1,42,0,TROLEBUS,TERMINAL,2026-07,2026-07-20,Vie,False
2026-07-25,Ecovía Norte,Río Coca,NORMAL,3324,20,6,0,26,0,ECOVIA,ESTACION,2026-07,2026-07-20,Sáb,False
2026-07-25,Ecovía Norte,Jipijapa,PARADA,3323,47,2,3,52,0,ECOVIA,PARADA,2026-07,2026-07-20,Sáb,False
2026-07-25,Sur Oriental,Guamaní,NORMAL,214,11,0,0,11,0,ECOVIA,ESTACION,2026-07,2026-07-20,Sáb,False
2026-07-25,Sur Oriental,Playón de la Marín,NORMAL,213,33,8,1,42,0,ECOVIA,ESTACION,2026-07,2026-07-20,Sáb,False
2026-07-25,Trole Norte,Labrador,NORMAL,2126,55,14,1,70,0,TROLEBUS,ESTACION,2026-07,2026-07-20,Sáb,False
2026-07-25,Trole Norte,Estadio,PARADA,2125,25,2,0,27,0,TROLEBUS,PARADA,2026-07,2026-07-20,Sáb,False
2026-07-25,Trole Sur,Divino Niño,EVENTO,1420,161,55,3,219,0,TROLEBUS,EVENTO,2026-07,2026-07-20,Sáb,False
2026-07-25,Trole Sur,El Recreo,NORMAL,1419,72,24,3,99,0,TROLEBUS,ESTACION,2026-07,2026-07-20,Sáb,False
2026-07-25,Trole Sur,España,PARADA,1423,9,10,0,19,0,TROLEBUS,PARADA,2026-07,2026-07-20,Sáb,False
2026-07-25,Trole Sur,La Colina,PARADA,1421,11,4,0,15,0,TROLEBUS,PARADA,2026-07,2026-07-20,Sáb,False
2026-07-25,Trole Sur,Plaza Grande,EVENTO,1422,96,38,3,137,0,TROLEBUS,EVENTO,2026-07,2026-07-20,Sáb,False
2026-07-25,Trole Sur,Quitumbe,NORMAL,1412,21,7,3,31,0,TROLEBUS,TERMINAL,2026-07,2026-07-20,Sáb,False
2026-07-26,Ecovía Norte,Río Coca,NORMAL,3327,11,0,0,11,0,ECOVIA,ESTACION,2026-07,2026-07-20,Dom,False
2026-07-26,Sur Oriental,Guamaní,NORMAL,216,21,2,1,24,0,ECOVIA,ESTACION,2026-07,2026-07-20,Dom,False
2026-07-26,Sur Oriental,Playón de la Marín,NORMAL,215,28,8,0,36,0,ECOVIA,ESTACION,2026-07,2026-07-20,Dom,False
2026-07-26,Trole Norte,Labrador,NORMAL,2128,39,12,1,52,0,TROLEBUS,ESTACION,2026-07,2026-07-20,Dom,False
2026-07-26,Trole Norte,Estadio,PARADA,2127,24,4,0,28,0,TROLEBUS,PARADA,2026-07,2026-07-20,Dom,False
2026-07-26,Trole Sur,El Recreo,NORMAL,1425,27,16,0,43,0,TROLEBUS,ESTACION,2026-07,2026-07-20,Dom,False
2026-07-26,Trole Sur,España,PARADA,1429,12,0,0,12,0,TROLEBUS,PARADA,2026-07,2026-07-20,Dom,False
2026-07-26,Trole Sur,La Colina,PARADA,1427,6,6,1,13,0,TROLEBUS,PARADA,2026-07,2026-07-20,Dom,False
2026-07-26,Trole Sur,Plaza Chica,EVENTO,1428,87,25,5,117,0,TROLEBUS,EVENTO,2026-07,2026-07-20,Dom,False
2026-07-26,Trole Sur,Plaza Grande,EVENTO,1426,67,22,2,91,0,TROLEBUS,EVENTO,2026-07,2026-07-20,Dom,False
2026-07-26,Trole Sur,Quitumbe,NORMAL,1424,28,5,2,35,0,TROLEBUS,TERMINAL,2026-07,2026-07-20,Dom,False
2026-07-27,Ecovía Norte,Río Coca,NORMAL,3328,26,9,0,35,0,ECOVIA,ESTACION,2026-07,2026-07-27,Lun,False
2026-07-27,Ecovía Norte,Jipijapa,PARADA,3329,10,0,1,11,0,ECOVIA,PARADA,2026-07,2026-07-27,Lun,False
2026-07-27,Sur Oriental,Guamaní,NORMAL,218,11,3,0,14,0,ECOVIA,ESTACION,2026-07,2026-07-27,Lun,False
2026-07-27,Sur Oriental,Playón de la Marín,NORMAL,217,65,2,1,68,0,ECOVIA,ESTACION,2026-07,2026-07-27,Lun,False
2026-07-27,Trole Norte,Labrador,NORMAL,2130,49,16,2,67,0,TROLEBUS,ESTACION,2026-07,2026-07-27,Lun,False
2026-07-27,Trole Sur,El Recreo,NORMAL,1431,34,12,6,52,0,TROLEBUS,ESTACION,2026-07,2026-07-27,Lun,False
2026-07-27,Trole Sur,España,PARADA,1435,5,7,1,13,0,TROLEBUS,PARADA,2026-07,2026-07-27,Lun,False
2026-07-27,Trole Sur,La Colina,PARADA,1433,11,8,1,20,0,TROLEBUS,PARADA,2026-07,2026-07-27,Lun,False
2026-07-27,Trole Sur,Pedro Traversari,EVENTO,1432,97,13,2,112,0,TROLEBUS,EVENTO,2026-07,2026-07-27,Lun,False
2026-07-27,Trole Sur,Plaza Chica,EVENTO,1414,69,30,4,103,0,TROLEBUS,EVENTO,2026-07,2026-07-27,Lun,False
2026-07-27,Trole Sur,Plaza Grande,EVENTO,1434,69,30,4,103,0,TROLEBUS,EVENTO,2026-07,2026-07-27,Lun,False
2026-07-27,Trole Sur,Quitumbe,NORMAL,1430,35,8,2,45,0,TROLEBUS,TERMINAL,2026-07,2026-07-27,Lun,False
2026-07-28,Ecovía Norte,Río Coca,NORMAL,3331,17,6,0,23,0,ECOVIA,ESTACION,2026-07,2026-07-27,Mar,False
2026-07-28,Ecovía Norte,Jipijapa,PARADA,3330,26,2,0,28,0,ECOVIA,PARADA,2026-07,2026-07-27,Mar,False
2026-07-28,Sur Oriental,Guamaní,NORMAL,220,13,5,0,18,0,ECOVIA,ESTACION,2026-07,2026-07-27,Mar,False
2026-07-28,Sur Oriental,Playón de la Marín,NORMAL,219,73,10,3,86,0,ECOVIA,ESTACION,2026-07,2026-07-27,Mar,False
2026-07-28,Trole Norte,Labrador,NORMAL,2131,40,7,1,48,0,TROLEBUS,ESTACION,2026-07,2026-07-27,Mar,False
2026-07-28,Trole Norte,Estadio,PARADA,2132,55,10,1,66,0,TROLEBUS,PARADA,2026-07,2026-07-27,Mar,False
2026-07-28,Trole Sur,Casa Somos La Balbina,EVENTO,1438,81,54,1,136,0,TROLEBUS,EVENTO,2026-07,2026-07-27,Mar,False
2026-07-28,Trole Sur,Chimbacalle,PARADA,1439,25,16,5,46,0,TROLEBUS,PARADA,2026-07,2026-07-27,Mar,False
2026-07-28,Trole Sur,El Recreo,NORMAL,1437,44,17,1,62,0,TROLEBUS,ESTACION,2026-07,2026-07-27,Mar,False
2026-07-28,Trole Sur,España,PARADA,1441,18,4,0,22,0,TROLEBUS,PARADA,2026-07,2026-07-27,Mar,False
2026-07-28,Trole Sur,Plaza Chica,EVENTO,1440,61,20,2,83,0,TROLEBUS,EVENTO,2026-07,2026-07-27,Mar,False
2026-07-28,Trole Sur,Quitumbe,NORMAL,1436,17,2,0,19,0,TROLEBUS,TERMINAL,2026-07,2026-07-27,Mar,False
2026-07-29,Ecovía Norte,Río Coca,NORMAL,3333,26,5,0,31,0,ECOVIA,ESTACION,2026-07,2026-07-27,Mié,False
2026-07-29,Ecovía Norte,Jipijapa,PARADA,3332,9,1,0,10,0,ECOVIA,PARADA,2026-07,2026-07-27,Mié,False
2026-07-29,Sur Oriental,Guamaní,NORMAL,222,13,1,1,15,0,ECOVIA,ESTACION,2026-07,2026-07-27,Mié,False
2026-07-29,Sur Oriental,Playón de la Marín,NORMAL,221,55,7,1,63,0,ECOVIA,ESTACION,2026-07,2026-07-27,Mié,False
2026-07-29,Trole Norte,Labrador,NORMAL,2133,63,11,9,83,0,TROLEBUS,ESTACION,2026-07,2026-07-27,Mié,False
2026-07-29,Trole Norte,Estadio,PARADA,2134,39,8,2,49,0,TROLEBUS,PARADA,2026-07,2026-07-27,Mié,False
2026-07-29,Trole Sur,Chimbacalle,PARADA,1445,34,13,2,49,0,TROLEBUS,PARADA,2026-07,2026-07-27,Mié,False
2026-07-29,Trole Sur,El Recreo,NORMAL,1443,38,11,2,51,0,TROLEBUS,ESTACION,2026-07,2026-07-27,Mié,False
2026-07-29,Trole Sur,España,PARADA,1447,16,4,0,20,0,TROLEBUS,PARADA,2026-07,2026-07-27,Mié,False
2026-07-29,Trole Sur,Plaza Chica,EVENTO,1446,61,22,3,86,0,TROLEBUS,EVENTO,2026-07,2026-07-27,Mié,False
2026-07-29,Trole Sur,Plaza del Teatro,EVENTO,1444,80,17,4,101,0,TROLEBUS,EVENTO,2026-07,2026-07-27,Mié,False
2026-07-29,Trole Sur,Quitumbe,NORMAL,1442,15,8,1,24,0,TROLEBUS,TERMINAL,2026-07,2026-07-27,Mié,False
2026-07-30,Ecovía Norte,Río Coca,NORMAL,3334,35,3,2,40,0,ECOVIA,ESTACION,2026-07,2026-07-27,Jue,False
2026-07-30,Ecovía Norte,Jipijapa,PARADA,3335,23,4,1,28,0,ECOVIA,PARADA,2026-07,2026-07-27,Jue,False
2026-07-30,Sur Oriental,Guamaní,NORMAL,224,8,2,0,10,0,ECOVIA,ESTACION,2026-07,2026-07-27,Jue,False
2026-07-30,Sur Oriental,Playón de la Marín,NORMAL,223,47,13,3,63,0,ECOVIA,ESTACION,2026-07,2026-07-27,Jue,False
2026-07-30,Trole Norte,Labrador,NORMAL,2136,84,13,2,99,0,TROLEBUS,ESTACION,2026-07,2026-07-27,Jue,False
2026-07-30,Trole Norte,Estadio,PARADA,2135,57,6,0,63,0,TROLEBUS,PARADA,2026-07,2026-07-27,Jue,False
2026-07-30,Trole Sur,Chimbacalle,PARADA,1451,32,10,0,42,0,TROLEBUS,PARADA,2026-07,2026-07-27,Jue,False
2026-07-30,Trole Sur,El Recreo,NORMAL,1449,48,11,7,66,0,TROLEBUS,ESTACION,2026-07,2026-07-27,Jue,False
2026-07-30,Trole Sur,España,PARADA,1453,6,1,0,7,0,TROLEBUS,PARADA,2026-07,2026-07-27,Jue,False
2026-07-30,Trole Sur,La Carolina,EVENTO,1452,176,32,8,216,0,TROLEBUS,EVENTO,2026-07,2026-07-27,Jue,False
2026-07-30,Trole Sur,Quitumbe,NORMAL,1458,17,7,2,26,0,TROLEBUS,TERMINAL,2026-07,2026-07-27,Jue,False
2026-07-31,Ecovía Norte,Río Coca,NORMAL,3337,17,5,3,25,0,ECOVIA,ESTACION,2026-07,2026-07-27,Vie,False
2026-07-31,Ecovía Norte,Jipijapa,PARADA,3336,41,3,0,44,0,ECOVIA,PARADA,2026-07,2026-07-27,Vie,False
2026-07-31,Sur Oriental,Guamaní,NORMAL,226,24,5,1,30,0,ECOVIA,ESTACION,2026-07,2026-07-27,Vie,False
2026-07-31,Sur Oriental,Playón de la Marín,NORMAL,225,44,7,1,52,0,ECOVIA,ESTACION,2026-07,2026-07-27,Vie,False
2026-07-31,Trole Norte,Labrador,NORMAL,2138,60,14,4,78,0,TROLEBUS,ESTACION,2026-07,2026-07-27,Vie,False
2026-07-31,Trole Norte,Estadio,PARADA,2137,34,5,2,41,0,TROLEBUS,PARADA,2026-07,2026-07-27,Vie,False
2026-07-31,Trole Sur,Chimbacalle,PARADA,1457,14,8,3,25,0,TROLEBUS,PARADA,2026-07,2026-07-27,Vie,False
2026-07-31,Trole Sur,El Recreo,NORMAL,1455,37,9,0,46,0,TROLEBUS,ESTACION,2026-07,2026-07-27,Vie,False
2026-07-31,Trole Sur,España,PARADA,1459,10,8,0,18,0,TROLEBUS,PARADA,2026-07,2026-07-27,Vie,False
2026-07-31,Trole Sur,Plaza Chica,EVENTO,1458,40,9,3,52,0,TROLEBUS,EVENTO,2026-07,2026-07-27,Vie,False
2026-07-31,Trole Sur,Quitumbe,NORMAL,1454,23,12,0,35,0,TROLEBUS,TERMINAL,2026-07,2026-07-27,Vie,False
2026-07-31,Trole Sur,Santo Domingo,EVENTO,1456,35,20,0,55,0,TROLEBUS,EVENTO,2026-07,2026-07-27,Vie,False
2026-08-01,Ecovía Norte,Río Coca,NORMAL,3338,37,5,1,43,0,ECOVIA,ESTACION,2026-08,2026-07-27,Sáb,False
2026-08-01,Ecovía Norte,Jipijapa,PARADA,3339,46,2,0,48,0,ECOVIA,PARADA,2026-08,2026-07-27,Sáb,False
2026-08-01,Sur Oriental,Guamaní,NORMAL,228,11,0,0,11,0,ECOVIA,ESTACION,2026-08,2026-07-27,Sáb,False
2026-08-01,Sur Oriental,Playón de la Marín,NORMAL,227,58,12,0,70,0,ECOVIA,ESTACION,2026-08,2026-07-27,Sáb,False
2026-08-01,Trole Norte,Labrador,NORMAL,2140,57,18,1,76,0,TROLEBUS,ESTACION,2026-08,2026-07-27,Sáb,False
2026-08-01,Trole Norte,Estadio,PARADA,2139,38,5,2,45,0,TROLEBUS,PARADA,2026-08,2026-07-27,Sáb,False
2026-08-01,Trole Sur,Casa Somos La Ecuatoriana,EVENTO,1464,67,53,5,125,0,TROLEBUS,EVENTO,2026-08,2026-07-27,Sáb,False
2026-08-01,Trole Sur,Chimbacalle,PARADA,1463,19,4,2,25,0,TROLEBUS,PARADA,2026-08,2026-07-27,Sáb,False
2026-08-01,Trole Sur,El Recreo,NORMAL,1461,39,15,2,56,0,TROLEBUS,ESTACION,2026-08,2026-07-27,Sáb,False
2026-08-01,Trole Sur,España,PARADA,1465,23,6,1,30,0,TROLEBUS,PARADA,2026-08,2026-07-27,Sáb,False
2026-08-01,Trole Sur,Quitumbe,NORMAL,1460,14,5,0,19,0,TROLEBUS,TERMINAL,2026-08,2026-07-27,Sáb,False
2026-08-01,Trole Sur,Terminal Carcelén,EVENTO,1462,27,18,4,49,0,TROLEBUS,EVENTO,2026-08,2026-07-27,Sáb,False
2026-08-02,Ecovía Norte,Río Coca,NORMAL,3341,18,4,0,22,0,ECOVIA,ESTACION,2026-08,2026-07-27,Dom,False
2026-08-02,Ecovía Norte,Jipijapa,PARADA,3340,26,5,0,31,0,ECOVIA,PARADA,2026-08,2026-07-27,Dom,False
2026-08-02,Sur Oriental,Guamaní,NORMAL,230,14,3,0,17,0,ECOVIA,ESTACION,2026-08,2026-07-27,Dom,False
2026-08-02,Sur Oriental,Playón de la Marín,NORMAL,229,37,4,1,42,0,ECOVIA,ESTACION,2026-08,2026-07-27,Dom,False
2026-08-02,Trole Norte,Labrador,NORMAL,2141,54,14,1,69,0,TROLEBUS,ESTACION,2026-08,2026-07-27,Dom,False
2026-08-02,Trole Norte,Estadio,PARADA,2142,48,6,2,56,0,TROLEBUS,PARADA,2026-08,2026-07-27,Dom,False
2026-08-02,Trole Sur,Chimbacalle,PARADA,1469,20,13,4,37,0,TROLEBUS,PARADA,2026-08,2026-07-27,Dom,False
2026-08-02,Trole Sur,El Recreo,NORMAL,1467,25,8,2,35,0,TROLEBUS,ESTACION,2026-08,2026-07-27,Dom,False
2026-08-02,Trole Sur,España,PARADA,1471,5,0,2,7,0,TROLEBUS,PARADA,2026-08,2026-07-27,Dom,False
2026-08-02,Trole Sur,PMO Naciones Unidas,EVENTO,1468,193,43,4,240,0,TROLEBUS,EVENTO,2026-08,2026-07-27,Dom,False
2026-08-02,Trole Sur,Quitumbe,NORMAL,1466,42,5,0,47,0,TROLEBUS,TERMINAL,2026-08,2026-07-27,Dom,False
2026-08-03,Ecovía Norte,Río Coca,NORMAL,3343,34,3,3,40,0,ECOVIA,ESTACION,2026-08,2026-08-03,Lun,False
2026-08-03,Ecovía Norte,Jipijapa,PARADA,3342,13,0,0,13,0,ECOVIA,PARADA,2026-08,2026-08-03,Lun,False
2026-08-03,Sur Oriental,Guamaní,NORMAL,232,21,1,1,23,0,ECOVIA,ESTACION,2026-08,2026-08-03,Lun,False
2026-08-03,Sur Oriental,Playón de la Marín,NORMAL,231,59,17,3,79,0,ECOVIA,ESTACION,2026-08,2026-08-03,Lun,False
2026-08-03,Trole Norte,Labrador,NORMAL,2143,54,18,6,78,0,TROLEBUS,ESTACION,2026-08,2026-08-03,Lun,False
2026-08-03,Trole Norte,Estadio,PARADA,2144,29,4,0,33,0,TROLEBUS,PARADA,2026-08,2026-08-03,Lun,False
2026-08-03,Trole Sur,Casa Somos Carcelén,EVENTO,1474,63,17,2,82,0,TROLEBUS,EVENTO,2026-08,2026-08-03,Lun,False
2026-08-03,Trole Sur,Casa Somos Chillogallo,EVENTO,1476,69,42,2,113,0,TROLEBUS,EVENTO,2026-08,2026-08-03,Lun,False
2026-08-03,Trole Sur,Chimbacalle,PARADA,1475,25,18,0,43,0,TROLEBUS,PARADA,2026-08,2026-08-03,Lun,False
2026-08-03,Trole Sur,El Recreo,NORMAL,1473,30,9,1,40,0,TROLEBUS,ESTACION,2026-08,2026-08-03,Lun,False
2026-08-03,Trole Sur,España,PARADA,1477,9,2,0,11,0,TROLEBUS,PARADA,2026-08,2026-08-03,Lun,False
2026-08-03,Trole Sur,Quitumbe,NORMAL,1472,13,8,1,22,0,TROLEBUS,TERMINAL,2026-08,2026-08-03,Lun,False
2026-08-04,Ecovía Norte,Río Coca,NORMAL,3344,26,6,2,34,0,ECOVIA,ESTACION,2026-08,2026-08-03,Mar,False
2026-08-04,Ecovía Norte,Jipijapa,PARADA,3345,24,1,0,25,0,ECOVIA,PARADA,2026-08,2026-08-03,Mar,False
2026-08-04,Sur Oriental,Guamaní,NORMAL,234,17,6,1,24,0,ECOVIA,ESTACION,2026-08,2026-08-03,Mar,False
2026-08-04,Sur Oriental,Playón de la Marín,NORMAL,233,72,20,4,96,0,ECOVIA,ESTACION,2026-08,2026-08-03,Mar,False
2026-08-04,Trole Norte,Labrador,NORMAL,2145,55,22,4,81,0,TROLEBUS,ESTACION,2026-08,2026-08-03,Mar,False
2026-08-04,Trole Norte,Estadio,PARADA,2146,23,4,0,27,0,TROLEBUS,PARADA,2026-08,2026-08-03,Mar,False
2026-08-04,Trole Sur,Chimbacalle,PARADA,1481,19,9,1,29,0,TROLEBUS,PARADA,2026-08,2026-08-03,Mar,False
2026-08-04,Trole Sur,El Recreo,NORMAL,1479,51,16,2,69,0,TROLEBUS,ESTACION,2026-08,2026-08-03,Mar,False
2026-08-04,Trole Sur,España,PARADA,1483,7,6,0,13,0,TROLEBUS,PARADA,2026-08,2026-08-03,Mar,False
2026-08-04,Trole Sur,PMO Chillogallo,EVENTO,1480,70,17,3,90,0,TROLEBUS,EVENTO,2026-08,2026-08-03,Mar,False
2026-08-04,Trole Sur,Quitumbe,NORMAL,1478,16,7,2,25,0,TROLEBUS,TERMINAL,2026-08,2026-08-03,Mar,False
2026-08-05,Ecovía Norte,Río Coca,NORMAL,3347,28,3,1,32,0,ECOVIA,ESTACION,2026-08,2026-08-03,Mié,False
2026-08-05,Ecovía Norte,Jipijapa,PARADA,3346,10,0,0,10,0,ECOVIA,PARADA,2026-08,2026-08-03,Mié,False
2026-08-05,Sur Oriental,Guamaní,NORMAL,236,14,4,0,18,0,ECOVIA,ESTACION,2026-08,2026-08-03,Mié,False
2026-08-05,Sur Oriental,Playón de la Marín,NORMAL,235,54,13,5,72,0,ECOVIA,ESTACION,2026-08,2026-08-03,Mié,False
2026-08-05,Trole Norte,Labrador,NORMAL,2148,37,15,1,53,0,TROLEBUS,ESTACION,2026-08,2026-08-03,Mié,False
2026-08-05,Trole Norte,Estadio,PARADA,2147,21,3,1,25,0,TROLEBUS,PARADA,2026-08,2026-08-03,Mié,False
2026-08-05,Trole Sur,Chimbacalle,PARADA,1488,30,14,0,44,0,TROLEBUS,PARADA,2026-08,2026-08-03,Mié,False
2026-08-05,Trole Sur,El Recreo,NORMAL,1485,41,23,2,66,0,TROLEBUS,ESTACION,2026-08,2026-08-03,Mié,False
2026-08-05,Trole Sur,España,PARADA,1489,9,13,0,22,0,TROLEBUS,PARADA,2026-08,2026-08-03,Mié,False
2026-08-05,Trole Sur,PMO Plaza del Teatro,EVENTO,1486,80,22,2,104,0,TROLEBUS,EVENTO,2026-08,2026-08-03,Mié,False
2026-08-05,Trole Sur,Quitumbe,NORMAL,1484,16,6,2,24,0,TROLEBUS,TERMINAL,2026-08,2026-08-03,Mié,False
2026-08-06,Ecovía Norte,Río Coca,NORMAL,3349,17,5,1,23,0,ECOVIA,ESTACION,2026-08,2026-08-03,Jue,False
2026-08-06,Ecovía Norte,Jipijapa,PARADA,3348,12,0,0,12,0,ECOVIA,PARADA,2026-08,2026-08-03,Jue,False
2026-08-06,Sur Oriental,Guamaní,NORMAL,78731,14,3,0,17,0,ECOVIA,ESTACION,2026-08,2026-08-03,Jue,False
2026-08-06,Sur Oriental,Playón de la Marín,NORMAL,78730,40,6,1,47,0,ECOVIA,ESTACION,2026-08,2026-08-03,Jue,False
2026-08-06,Trole Norte,Labrador,NORMAL,2150,42,11,3,56,0,TROLEBUS,ESTACION,2026-08,2026-08-03,Jue,False
2026-08-06,Trole Norte,Estadio,PARADA,2149,37,2,1,40,0,TROLEBUS,PARADA,2026-08,2026-08-03,Jue,False
2026-08-06,Trole Sur,Chimbacalle,PARADA,1494,21,8,0,29,0,TROLEBUS,PARADA,2026-08,2026-08-03,Jue,False
2026-08-06,Trole Sur,El Recreo,NORMAL,1491,41,14,0,55,0,TROLEBUS,ESTACION,2026-08,2026-08-03,Jue,False
2026-08-06,Trole Sur,España,PARADA,1495,12,4,0,16,0,TROLEBUS,PARADA,2026-08,2026-08-03,Jue,False
2026-08-06,Trole Sur,PMO Naciones Unidas,EVENTO,1492,124,21,5,150,0,TROLEBUS,EVENTO,2026-08,2026-08-03,Jue,False
2026-08-06,Trole Sur,Quitumbe,NORMAL,1490,14,10,2,26,0,TROLEBUS,TERMINAL,2026-08,2026-08-03,Jue,False
2026-08-07,Ecovía Norte,Río Coca,NORMAL,3351,22,6,2,30,0,ECOVIA,ESTACION,2026-08,2026-08-03,Vie,False
2026-08-07,Ecovía Norte,Jipijapa,PARADA,3350,23,3,1,27,0,ECOVIA,PARADA,2026-08,2026-08-03,Vie,False
2026-08-07,Sur Oriental,Guamaní,NORMAL,78762,15,1,0,16,0,ECOVIA,ESTACION,2026-08,2026-08-03,Vie,False
2026-08-07,Sur Oriental,Playón de la Marín,NORMAL,78761,51,12,4,67,0,ECOVIA,ESTACION,2026-08,2026-08-03,Vie,False
2026-08-07,Trole Norte,Labrador,NORMAL,2152,66,19,1,86,0,TROLEBUS,ESTACION,2026-08,2026-08-03,Vie,False
2026-08-07,Trole Norte,Estadio,PARADA,2151,44,4,0,48,0,TROLEBUS,PARADA,2026-08,2026-08-03,Vie,False
2026-08-07,Trole Sur,Chimbacalle,PARADA,1499,23,7,0,30,0,TROLEBUS,PARADA,2026-08,2026-08-03,Vie,False
2026-08-07,Trole Sur,El Recreo,NORMAL,1497,37,22,1,60,0,TROLEBUS,ESTACION,2026-08,2026-08-03,Vie,False
2026-08-07,Trole Sur,España,PARADA,1500,18,5,0,23,0,TROLEBUS,PARADA,2026-08,2026-08-03,Vie,False
2026-08-07,Trole Sur,Hueca Fest,EVENTO,1498,64,15,2,81,0,TROLEBUS,EVENTO,2026-08,2026-08-03,Vie,False
2026-08-07,Trole Sur,Quitumbe,NORMAL,1496,9,4,1,14,0,TROLEBUS,TERMINAL,2026-08,2026-08-03,Vie,False
2026-08-08,Ecovía Norte,Río Coca,NORMAL,3352,23,0,1,24,0,ECOVIA,ESTACION,2026-08,2026-08-03,Sáb,False
2026-08-08,Sur Oriental,Guamaní,NORMAL,78793,5,3,1,9,0,ECOVIA,ESTACION,2026-08,2026-08-03,Sáb,False
2026-08-08,Sur Oriental,Playón de la Marín,NORMAL,78792,45,7,2,54,0,ECOVIA,ESTACION,2026-08,2026-08-03,Sáb,False
2026-08-08,Trole Norte,Colón,PARADA,2153,87,14,3,104,0,TROLEBUS,PARADA,2026-08,2026-08-03,Sáb,True
2026-08-08,Trole Norte,Labrador,NORMAL,2154,36,15,2,53,0,TROLEBUS,ESTACION,2026-08,2026-08-03,Sáb,False
2026-08-08,Trole Sur,El Ejido,EVENTO,1504,85,35,0,120,0,TROLEBUS,EVENTO,2026-08,2026-08-03,Sáb,False
2026-08-08,Trole Sur,El Recreo,NORMAL,1502,43,18,1,62,0,TROLEBUS,ESTACION,2026-08,2026-08-03,Sáb,False
2026-08-08,Trole Sur,Hueca Fest,EVENTO,1503,206,45,2,253,0,TROLEBUS,EVENTO,2026-08,2026-08-03,Sáb,False
2026-08-08,Trole Sur,Quitumbe,NORMAL,1501,18,1,0,19,0,TROLEBUS,TERMINAL,2026-08,2026-08-03,Sáb,False
2026-08-09,Ecovía Norte,Río Coca,NORMAL,3353,19,5,1,25,0,ECOVIA,ESTACION,2026-08,2026-08-03,Dom,False
2026-08-09,Sur Oriental,Guamaní,NORMAL,78824,9,4,1,14,0,ECOVIA,ESTACION,2026-08,2026-08-03,Dom,False
2026-08-09,Sur Oriental,Playón de la Marín,NORMAL,78823,53,15,1,69,0,ECOVIA,ESTACION,2026-08,2026-08-03,Dom,False
2026-08-09,Trole Norte,Labrador,NORMAL,2155,52,12,1,65,0,TROLEBUS,ESTACION,2026-08,2026-08-03,Dom,False
2026-08-09,Trole Sur,El Ejido,EVENTO,1508,53,15,0,68,0,TROLEBUS,EVENTO,2026-08,2026-08-03,Dom,False
2026-08-09,Trole Sur,El Recreo,NORMAL,1506,28,8,1,37,0,TROLEBUS,ESTACION,2026-08,2026-08-03,Dom,False
2026-08-09,Trole Sur,Hueca Fest,EVENTO,1507,254,58,6,318,0,TROLEBUS,EVENTO,2026-08,2026-08-03,Dom,False
2026-08-09,Trole Sur,PMO Naciones Unidas,EVENTO,2156,112,29,5,146,0,TROLEBUS,EVENTO,2026-08,2026-08-03,Dom,False
2026-08-09,Trole Sur,Quitumbe,NORMAL,1505,26,4,0,30,0,TROLEBUS,TERMINAL,2026-08,2026-08-03,Dom,False
2026-08-10,Ecovía Norte,Río Coca,NORMAL,3354,18,0,0,18,0,ECOVIA,ESTACION,2026-08,2026-08-10,Lun,False
2026-08-10,Sur Oriental,Guamaní,NORMAL,78855,9,1,0,10,0,ECOVIA,ESTACION,2026-08,2026-08-10,Lun,False
2026-08-10,Sur Oriental,Playón de la Marín,NORMAL,78854,53,6,0,59,0,ECOVIA,ESTACION,2026-08,2026-08-10,Lun,False
2026-08-10,Trole Norte,Labrador,NORMAL,2157,43,9,2,54,0,TROLEBUS,ESTACION,2026-08,2026-08-10,Lun,False
2026-08-10,Trole Sur,El Ejido,EVENTO,1511,72,30,5,107,0,TROLEBUS,EVENTO,2026-08,2026-08-10,Lun,False
2026-08-10,Trole Sur,El Recreo,NORMAL,1509,41,10,5,56,0,TROLEBUS,ESTACION,2026-08,2026-08-10,Lun,False
2026-08-10,Trole Sur,Hueca Fest,EVENTO,1510,284,56,10,350,0,TROLEBUS,EVENTO,2026-08,2026-08-10,Lun,False
2026-08-10,Trole Sur,PMO Naciones Unidas,EVENTO,2158,88,14,8,110,0,TROLEBUS,EVENTO,2026-08,2026-08-10,Lun,False
2026-08-10,Trole Sur,Quitumbe,NORMAL,1508,9,3,0,12,0,TROLEBUS,TERMINAL,2026-08,2026-08-10,Lun,False
2026-08-11,Ecovía Norte,Río Coca,NORMAL,3356,24,6,2,32,0,ECOVIA,ESTACION,2026-08,2026-08-10,Mar,False
2026-08-11,Ecovía Norte,Jipijapa,PARADA,3355,10,2,0,12,0,ECOVIA,PARADA,2026-08,2026-08-10,Mar,False
2026-08-11,Sur Oriental,Guamaní,NORMAL,78886,16,4,0,20,0,ECOVIA,ESTACION,2026-08,2026-08-10,Mar,False
2026-08-11,Sur Oriental,Playón de la Marín,NORMAL,78885,29,3,4,36,0,ECOVIA,ESTACION,2026-08,2026-08-10,Mar,False
2026-08-11,Trole Norte,Colón,PARADA,2159,55,8,0,63,0,TROLEBUS,PARADA,2026-08,2026-08-10,Mar,False
2026-08-11,Trole Norte,Labrador,NORMAL,2160,46,17,4,67,0,TROLEBUS,ESTACION,2026-08,2026-08-10,Mar,False
2026-08-11,Trole Sur,Chimbacalle,PARADA,1415,17,10,3,30,0,TROLEBUS,PARADA,2026-08,2026-08-10,Mar,False
2026-08-11,Trole Sur,El Recreo,NORMAL,1513,32,11,0,43,0,TROLEBUS,ESTACION,2026-08,2026-08-10,Mar,False
2026-08-11,Trole Sur,España,PARADA,1516,5,4,0,9,0,TROLEBUS,PARADA,2026-08,2026-08-10,Mar,False
2026-08-11,Trole Sur,PMO Chillogallo,EVENTO,1514,48,10,3,61,0,TROLEBUS,EVENTO,2026-08,2026-08-10,Mar,False
2026-08-11,Trole Sur,Quitumbe,NORMAL,1512,19,7,0,26,0,TROLEBUS,TERMINAL,2026-08,2026-08-10,Mar,False
2026-08-12,Ecovía Norte,Río Coca,NORMAL,3357,19,8,0,27,0,ECOVIA,ESTACION,2026-08,2026-08-10,Mié,False
2026-08-12,Ecovía Norte,Jipijapa,PARADA,3358,26,8,2,36,0,ECOVIA,PARADA,2026-08,2026-08-10,Mié,False
2026-08-12,Sur Oriental,Guamaní,NORMAL,78917,12,1,0,13,0,ECOVIA,ESTACION,2026-08,2026-08-10,Mié,False
2026-08-12,Sur Oriental,Playón de la Marín,NORMAL,78916,32,9,2,43,0,ECOVIA,ESTACION,2026-08,2026-08-10,Mié,False
2026-08-12,Trole Norte,Labrador,NORMAL,2161,64,13,3,80,0,TROLEBUS,ESTACION,2026-08,2026-08-10,Mié,False
2026-08-12,Trole Sur,Chimbacalle,PARADA,1420,28,14,0,42,0,TROLEBUS,PARADA,2026-08,2026-08-10,Mié,False
2026-08-12,Trole Sur,El Recreo,NORMAL,1518,40,20,3,63,0,TROLEBUS,ESTACION,2026-08,2026-08-10,Mié,False
2026-08-12,Trole Sur,España,PARADA,1521,26,8,0,34,0,TROLEBUS,PARADA,2026-08,2026-08-10,Mié,False
2026-08-12,Trole Sur,PMO Plaza del Teatro,EVENTO,1519,12,5,2,19,0,TROLEBUS,EVENTO,2026-08,2026-08-10,Mié,False
2026-08-12,Trole Sur,Quitumbe,NORMAL,1517,13,4,0,17,0,TROLEBUS,TERMINAL,2026-08,2026-08-10,Mié,False
2026-08-13,Ecovía Norte,Río Coca,NORMAL,3359,17,3,1,21,0,ECOVIA,ESTACION,2026-08,2026-08-10,Jue,False
2026-08-13,Ecovía Norte,Jipijapa,PARADA,3360,39,8,0,47,0,ECOVIA,PARADA,2026-08,2026-08-10,Jue,False
2026-08-13,Sur Oriental,Guamaní,NORMAL,78948,14,2,1,17,0,ECOVIA,ESTACION,2026-08,2026-08-10,Jue,False
2026-08-13,Sur Oriental,Playón de la Marín,NORMAL,78947,26,4,4,34,0,ECOVIA,ESTACION,2026-08,2026-08-10,Jue,False
2026-08-13,Trole Norte,Colón,PARADA,2163,52,18,1,71,0,TROLEBUS,PARADA,2026-08,2026-08-10,Jue,False
2026-08-13,Trole Norte,Labrador,NORMAL,2162,42,14,3,59,0,TROLEBUS,ESTACION,2026-08,2026-08-10,Jue,False
2026-08-13,Trole Sur,Chimbacalle,PARADA,1425,21,8,0,29,0,TROLEBUS,PARADA,2026-08,2026-08-10,Jue,False
2026-08-13,Trole Sur,El Recreo,NORMAL,1523,29,18,5,52,0,TROLEBUS,ESTACION,2026-08,2026-08-10,Jue,False
2026-08-13,Trole Sur,España,PARADA,1526,8,7,0,15,0,TROLEBUS,PARADA,2026-08,2026-08-10,Jue,False
2026-08-13,Trole Sur,PMO Naciones Unidas,EVENTO,1524,244,31,7,282,0,TROLEBUS,EVENTO,2026-08,2026-08-10,Jue,False
2026-08-13,Trole Sur,Quitumbe,NORMAL,1522,17,4,0,21,0,TROLEBUS,TERMINAL,2026-08,2026-08-10,Jue,False
2026-08-14,Ecovía Norte,Río Coca,NORMAL,3361,23,6,0,29,0,ECOVIA,ESTACION,2026-08,2026-08-10,Vie,False
2026-08-14,Ecovía Norte,Jipijapa,PARADA,3362,34,8,1,43,0,ECOVIA,PARADA,2026-08,2026-08-10,Vie,False
2026-08-14,Sur Oriental,Guamaní,NORMAL,78979,17,2,0,19,0,ECOVIA,ESTACION,2026-08,2026-08-10,Vie,False
2026-08-14,Sur Oriental,Playón de la Marín,NORMAL,78978,37,8,3,48,0,ECOVIA,ESTACION,2026-08,2026-08-10,Vie,False
2026-08-14,Trole Norte,Colón,PARADA,2165,61,13,4,78,0,TROLEBUS,PARADA,2026-08,2026-08-10,Vie,False
2026-08-14,Trole Norte,Labrador,NORMAL,2164,43,15,5,63,0,TROLEBUS,ESTACION,2026-08,2026-08-10,Vie,False
2026-08-14,Trole Sur,Chimbacalle,PARADA,1430,20,12,3,35,0,TROLEBUS,PARADA,2026-08,2026-08-10,Vie,False
2026-08-14,Trole Sur,El Ejido,EVENTO,1529,76,23,4,103,0,TROLEBUS,EVENTO,2026-08,2026-08-10,Vie,False
2026-08-14,Trole Sur,El Recreo,NORMAL,1528,34,24,0,58,0,TROLEBUS,ESTACION,2026-08,2026-08-10,Vie,False
2026-08-14,Trole Sur,España,PARADA,1531,7,2,1,10,0,TROLEBUS,PARADA,2026-08,2026-08-10,Vie,False
2026-08-14,Trole Sur,Quitumbe,NORMAL,1527,30,6,2,38,0,TROLEBUS,TERMINAL,2026-08,2026-08-10,Vie,False
2026-08-15,Ecovía Norte,Río Coca,NORMAL,3364,27,12,0,39,0,ECOVIA,ESTACION,2026-08,2026-08-10,Sáb,False
2026-08-15,Ecovía Norte,Jipijapa,PARADA,3363,53,13,2,68,0,ECOVIA,PARADA,2026-08,2026-08-10,Sáb,False
2026-08-15,Sur Oriental,Guamaní,NORMAL,79010,6,2,0,8,0,ECOVIA,ESTACION,2026-08,2026-08-10,Sáb,False
2026-08-15,Sur Oriental,Playón de la Marín,NORMAL,79009,42,9,3,54,0,ECOVIA,ESTACION,2026-08,2026-08-10,Sáb,False
2026-08-15,Trole Norte,Colón,PARADA,2167,45,15,1,61,0,TROLEBUS,PARADA,2026-08,2026-08-10,Sáb,False
2026-08-15,Trole Norte,Labrador,NORMAL,2166,44,18,6,68,0,TROLEBUS,ESTACION,2026-08,2026-08-10,Sáb,False
2026-08-15,Trole Sur,Chimbacalle,PARADA,1435,23,10,0,33,0,TROLEBUS,PARADA,2026-08,2026-08-10,Sáb,False
2026-08-15,Trole Sur,El Recreo,NORMAL,1533,40,9,0,49,0,TROLEBUS,ESTACION,2026-08,2026-08-10,Sáb,False
2026-08-15,Trole Sur,España,PARADA,1536,17,7,0,24,0,TROLEBUS,PARADA,2026-08,2026-08-10,Sáb,False
2026-08-15,Trole Sur,Parque Cuscungo,EVENTO,1534,45,19,1,65,0,TROLEBUS,EVENTO,2026-08,2026-08-10,Sáb,False
2026-08-15,Trole Sur,Quitumbe,NORMAL,1532,16,5,2,23,0,TROLEBUS,TERMINAL,2026-08,2026-08-10,Sáb,False
2026-08-16,Ecovía Norte,Río Coca,NORMAL,3365,21,6,1,28,0,ECOVIA,ESTACION,2026-08,2026-08-10,Dom,False
2026-08-16,Sur Oriental,Guamaní,NORMAL,79041,9,0,1,10,0,ECOVIA,ESTACION,2026-08,2026-08-10,Dom,False
2026-08-16,Sur Oriental,Playón de la Marín,NORMAL,79040,24,6,1,31,0,ECOVIA,ESTACION,2026-08,2026-08-10,Dom,False
2026-08-16,Trole Norte,Colón,PARADA,2169,34,8,1,43,0,TROLEBUS,PARADA,2026-08,2026-08-10,Dom,False
2026-08-16,Trole Norte,Labrador,NORMAL,2168,45,13,3,61,0,TROLEBUS,ESTACION,2026-08,2026-08-10,Dom,False
2026-08-16,Trole Sur,Chimbacalle,PARADA,1440,10,18,0,28,0,TROLEBUS,PARADA,2026-08,2026-08-10,Dom,False
2026-08-16,Trole Sur,El Recreo,NORMAL,1538,13,8,4,25,0,TROLEBUS,ESTACION,2026-08,2026-08-10,Dom,False
2026-08-16,Trole Sur,España,PARADA,1541,5,1,0,6,0,TROLEBUS,PARADA,2026-08,2026-08-10,Dom,False
2026-08-16,Trole Sur,PMO Naciones Unidas,EVENTO,1539,101,27,4,132,0,TROLEBUS,EVENTO,2026-08,2026-08-10,Dom,False
2026-08-16,Trole Sur,Quitumbe,NORMAL,1537,9,4,0,13,0,TROLEBUS,TERMINAL,2026-08,2026-08-10,Dom,False
2026-08-17,Ecovía Norte,Río Coca,NORMAL,3367,30,15,0,45,0,ECOVIA,ESTACION,2026-08,2026-08-17,Lun,False
2026-08-17,Ecovía Norte,Jipijapa,PARADA,3366,22,0,0,22,0,ECOVIA,PARADA,2026-08,2026-08-17,Lun,False
2026-08-17,Sur Oriental,Guamaní,NORMAL,79072,12,8,0,20,0,ECOVIA,ESTACION,2026-08,2026-08-17,Lun,False
2026-08-17,Sur Oriental,Playón de la Marín,NORMAL,79071,26,8,0,34,0,ECOVIA,ESTACION,2026-08,2026-08-17,Lun,False
2026-08-17,Trole Norte,Colón,PARADA,2170,34,8,2,44,0,TROLEBUS,PARADA,2026-08,2026-08-17,Lun,False
2026-08-17,Trole Norte,Labrador,NORMAL,2171,54,23,0,77,0,TROLEBUS,ESTACION,2026-08,2026-08-17,Lun,False
2026-08-17,Trole Sur,Capulí,EVENTO,1544,62,13,2,77,0,TROLEBUS,EVENTO,2026-08,2026-08-17,Lun,False
2026-08-17,Trole Sur,Chimbacalle,PARADA,1545,15,11,2,28,0,TROLEBUS,PARADA,2026-08,2026-08-17,Lun,False
2026-08-17,Trole Sur,El Recreo,NORMAL,1543,23,9,1,33,0,TROLEBUS,ESTACION,2026-08,2026-08-17,Lun,False
2026-08-17,Trole Sur,España,PARADA,1546,4,1,0,5,0,TROLEBUS,PARADA,2026-08,2026-08-17,Lun,False
2026-08-17,Trole Sur,Quitumbe,NORMAL,1542,8,5,1,14,0,TROLEBUS,TERMINAL,2026-08,2026-08-17,Lun,False
2026-08-18,Ecovía Norte,Río Coca,NORMAL,3368,24,8,1,33,0,ECOVIA,ESTACION,2026-08,2026-08-17,Mar,False
2026-08-18,Ecovía Norte,Jipijapa,PARADA,3369,11,4,0,15,0,ECOVIA,PARADA,2026-08,2026-08-17,Mar,False
2026-08-18,Sur Oriental,Guamaní,NORMAL,79103,17,6,2,25,0,ECOVIA,ESTACION,2026-08,2026-08-17,Mar,False
2026-08-18,Sur Oriental,Playón de la Marín,NORMAL,79102,35,3,3,41,0,ECOVIA,ESTACION,2026-08,2026-08-17,Mar,False
2026-08-18,Trole Norte,Colón,PARADA,2172,36,7,2,45,0,TROLEBUS,PARADA,2026-08,2026-08-17,Mar,False
2026-08-18,Trole Norte,Labrador,NORMAL,2173,49,12,1,62,0,TROLEBUS,ESTACION,2026-08,2026-08-17,Mar,False
2026-08-18,Trole Sur,Chimbacalle,PARADA,1550,24,11,1,36,0,TROLEBUS,PARADA,2026-08,2026-08-17,Mar,False
2026-08-18,Trole Sur,El Recreo,NORMAL,1548,36,12,4,52,0,TROLEBUS,ESTACION,2026-08,2026-08-17,Mar,False
2026-08-18,Trole Sur,España,PARADA,1551,6,5,0,11,0,TROLEBUS,PARADA,2026-08,2026-08-17,Mar,False
2026-08-18,Trole Sur,PMO Universidad Central,EVENTO,1549,113,17,3,133,0,TROLEBUS,EVENTO,2026-08,2026-08-17,Mar,False
2026-08-18,Trole Sur,Quitumbe,NORMAL,1547,16,11,0,27,0,TROLEBUS,TERMINAL,2026-08,2026-08-17,Mar,False
2026-08-19,Ecovía Norte,Río Coca,NORMAL,3370,19,2,0,21,0,ECOVIA,ESTACION,2026-08,2026-08-17,Mié,False
2026-08-19,Ecovía Norte,Jipijapa,PARADA,3371,29,7,0,36,0,ECOVIA,PARADA,2026-08,2026-08-17,Mié,False
2026-08-19,Sur Oriental,Guamaní,NORMAL,79134,12,5,0,17,0,ECOVIA,ESTACION,2026-08,2026-08-17,Mié,False
2026-08-19,Sur Oriental,Playón de la Marín,NORMAL,79133,26,2,0,28,0,ECOVIA,ESTACION,2026-08,2026-08-17,Mié,False
2026-08-19,Trole Norte,Colón,PARADA,2174,49,15,4,68,0,TROLEBUS,PARADA,2026-08,2026-08-17,Mié,False
2026-08-19,Trole Norte,Labrador,NORMAL,2175,41,11,4,56,0,TROLEBUS,ESTACION,2026-08,2026-08-17,Mié,False
2026-08-19,Trole Sur,Chimbacalle,PARADA,1555,28,9,2,39,0,TROLEBUS,PARADA,2026-08,2026-08-17,Mié,False
2026-08-19,Trole Sur,El Recreo,NORMAL,1553,27,5,2,34,0,TROLEBUS,ESTACION,2026-08,2026-08-17,Mié,False
2026-08-19,Trole Sur,España,PARADA,1556,3,3,0,6,0,TROLEBUS,PARADA,2026-08,2026-08-17,Mié,False
2026-08-19,Trole Sur,PMO Basílica,EVENTO,1554,34,10,0,44,0,TROLEBUS,EVENTO,2026-08,2026-08-17,Mié,False
2026-08-19,Trole Sur,Quitumbe,NORMAL,1552,13,8,1,22,0,TROLEBUS,TERMINAL,2026-08,2026-08-17,Mié,False
2026-08-20,Ecovía Norte,Río Coca,NORMAL,3372,29,6,2,37,0,ECOVIA,ESTACION,2026-08,2026-08-17,Jue,False
2026-08-20,Ecovía Norte,Jipijapa,PARADA,3373,19,1,2,22,0,ECOVIA,PARADA,2026-08,2026-08-17,Jue,False
2026-08-20,Sur Oriental,Guamaní,NORMAL,79165,9,3,1,13,0,ECOVIA,ESTACION,2026-08,2026-08-17,Jue,False
2026-08-20,Sur Oriental,Playón de la Marín,NORMAL,79164,23,5,0,28,0,ECOVIA,ESTACION,2026-08,2026-08-17,Jue,False
2026-08-20,Trole Norte,Colón,PARADA,2176,50,17,1,68,0,TROLEBUS,PARADA,2026-08,2026-08-17,Jue,False
2026-08-20,Trole Norte,Labrador,NORMAL,2177,43,6,3,52,0,TROLEBUS,ESTACION,2026-08,2026-08-17,Jue,False
2026-08-20,Trole Sur,Chimbacalle,PARADA,1560,15,19,0,34,0,TROLEBUS,PARADA,2026-08,2026-08-17,Jue,False
2026-08-20,Trole Sur,El Recreo,NORMAL,1558,38,18,3,59,0,TROLEBUS,ESTACION,2026-08,2026-08-17,Jue,False
2026-08-20,Trole Sur,España,PARADA,1561,13,4,2,19,0,TROLEBUS,PARADA,2026-08,2026-08-17,Jue,False
2026-08-20,Trole Sur,Quitumbe,NORMAL,1557,11,5,0,16,0,TROLEBUS,TERMINAL,2026-08,2026-08-17,Jue,False
2026-08-21,Ecovía Norte,Río Coca,NORMAL,3374,19,7,1,27,0,ECOVIA,ESTACION,2026-08,2026-08-17,Vie,False
2026-08-21,Ecovía Norte,Jipijapa,PARADA,3375,47,7,0,54,0,ECOVIA,PARADA,2026-08,2026-08-17,Vie,False
2026-08-21,Sur Oriental,Guamaní,NORMAL,79196,7,3,0,10,0,ECOVIA,ESTACION,2026-08,2026-08-17,Vie,False
2026-08-21,Sur Oriental,Playón de la Marín,NORMAL,79195,22,11,2,35,0,ECOVIA,ESTACION,2026-08,2026-08-17,Vie,False
2026-08-21,Trole Norte,Colón,PARADA,2179,38,14,1,53,0,TROLEBUS,PARADA,2026-08,2026-08-17,Vie,False
2026-08-21,Trole Norte,Labrador,NORMAL,2178,43,13,1,57,0,TROLEBUS,ESTACION,2026-08,2026-08-17,Vie,False
2026-08-21,Trole Sur,El Recreo,NORMAL,1563,31,16,0,47,0,TROLEBUS,ESTACION,2026-08,2026-08-17,Vie,False
2026-08-21,Trole Sur,España,PARADA,1566,8,4,0,12,0,TROLEBUS,PARADA,2026-08,2026-08-17,Vie,False
2026-08-21,Trole Sur,PMO Universidad Central,EVENTO,1564,4,2,0,6,0,TROLEBUS,EVENTO,2026-08,2026-08-17,Vie,False
2026-08-21,Trole Sur,Quitumbe,NORMAL,1562,13,7,0,20,0,TROLEBUS,TERMINAL,2026-08,2026-08-17,Vie,False
2026-08-22,Ecovía Norte,Río Coca,NORMAL,3376,17,6,3,26,0,ECOVIA,ESTACION,2026-08,2026-08-17,Sáb,False
2026-08-22,Ecovía Norte,Jipijapa,PARADA,3377,30,7,2,39,0,ECOVIA,PARADA,2026-08,2026-08-17,Sáb,False
2026-08-22,Sur Oriental,Guamaní,NORMAL,79227,5,5,0,10,0,ECOVIA,ESTACION,2026-08,2026-08-17,Sáb,False
2026-08-22,Sur Oriental,Playón de la Marín,NORMAL,79226,36,8,4,48,0,ECOVIA,ESTACION,2026-08,2026-08-17,Sáb,False
2026-08-22,Trole Norte,Colón,PARADA,2181,31,11,3,45,0,TROLEBUS,PARADA,2026-08,2026-08-17,Sáb,False
2026-08-22,Trole Norte,Labrador,NORMAL,2180,74,19,3,96,0,TROLEBUS,ESTACION,2026-08,2026-08-17,Sáb,False
2026-08-22,Trole Sur,Chimbacalle,PARADA,1570,14,7,1,22,0,TROLEBUS,PARADA,2026-08,2026-08-17,Sáb,False
2026-08-22,Trole Sur,El Recreo,NORMAL,1568,25,8,1,34,0,TROLEBUS,ESTACION,2026-08,2026-08-17,Sáb,False
2026-08-22,Trole Sur,España,PARADA,1571,4,3,0,7,0,TROLEBUS,PARADA,2026-08,2026-08-17,Sáb,False
2026-08-22,Trole Sur,La Floresta - Redondel Genaro Larrea,EVENTO,1569,54,27,2,83,0,TROLEBUS,EVENTO,2026-08,2026-08-17,Sáb,False
2026-08-22,Trole Sur,Quitumbe,NORMAL,1567,18,2,0,20,0,TROLEBUS,TERMINAL,2026-08,2026-08-17,Sáb,False
2026-08-23,Ecovía Norte,Río Coca,NORMAL,3378,15,3,0,18,0,ECOVIA,ESTACION,2026-08,2026-08-17,Dom,False
2026-08-23,Ecovía Norte,Jipijapa,PARADA,3379,16,1,1,18,0,ECOVIA,PARADA,2026-08,2026-08-17,Dom,False
2026-08-23,Sur Oriental,Guamaní,NORMAL,79258,8,0,1,9,0,ECOVIA,ESTACION,2026-08,2026-08-17,Dom,False
2026-08-23,Sur Oriental,Playón de la Marín,NORMAL,79257,26,6,0,32,0,ECOVIA,ESTACION,2026-08,2026-08-17,Dom,False
2026-08-23,Trole Norte,Colón,PARADA,2182,25,13,3,41,0,TROLEBUS,PARADA,2026-08,2026-08-17,Dom,False
2026-08-23,Trole Norte,Labrador,NORMAL,2183,52,14,2,68,0,TROLEBUS,ESTACION,2026-08,2026-08-17,Dom,False
2026-08-23,Trole Sur,Chimbacalle,PARADA,157,13,10,2,25,0,TROLEBUS,PARADA,2026-08,2026-08-17,Dom,False
2026-08-23,Trole Sur,El Recreo,NORMAL,1573,22,8,0,30,0,TROLEBUS,ESTACION,2026-08,2026-08-17,Dom,False
2026-08-23,Trole Sur,España,PARADA,1576,5,1,0,6,0,TROLEBUS,PARADA,2026-08,2026-08-17,Dom,False
2026-08-23,Trole Sur,PMO Naciones Unidas,EVENTO,1574,42,14,3,59,0,TROLEBUS,EVENTO,2026-08,2026-08-17,Dom,False
2026-08-23,Trole Sur,Quitumbe,NORMAL,1572,27,10,1,38,0,TROLEBUS,TERMINAL,2026-08,2026-08-17,Dom,False
2026-08-24,Ecovía Norte,Río Coca,NORMAL,3380,19,2,1,22,0,ECOVIA,ESTACION,2026-08,2026-08-24,Lun,False
2026-08-24,Ecovía Norte,Jipijapa,PARADA,3381,21,1,1,23,0,ECOVIA,PARADA,2026-08,2026-08-24,Lun,False
2026-08-24,Sur Oriental,Guamaní,NORMAL,79289,15,8,0,23,0,ECOVIA,ESTACION,2026-08,2026-08-24,Lun,False
2026-08-24,Sur Oriental,Playón de la Marín,NORMAL,79288,31,5,2,38,0,ECOVIA,ESTACION,2026-08,2026-08-24,Lun,False
2026-08-24,Trole Norte,Labrador,NORMAL,2185,32,14,2,48,0,TROLEBUS,ESTACION,2026-08,2026-08-24,Lun,False
2026-08-24,Trole Sur,Chimbacalle,PARADA,1580,24,18,1,43,0,TROLEBUS,PARADA,2026-08,2026-08-24,Lun,False
2026-08-24,Trole Sur,El Recreo,NORMAL,1578,31,19,0,50,0,TROLEBUS,ESTACION,2026-08,2026-08-24,Lun,False
2026-08-24,Trole Sur,España,PARADA,1581,8,7,1,16,0,TROLEBUS,PARADA,2026-08,2026-08-24,Lun,False
2026-08-24,Trole Sur,Quitumbe,NORMAL,1577,12,2,2,16,0,TROLEBUS,TERMINAL,2026-08,2026-08-24,Lun,False
2026-08-25,Ecovía Norte,Río Coca,NORMAL,3382,30,9,1,40,0,ECOVIA,ESTACION,2026-08,2026-08-24,Mar,False
2026-08-25,Sur Oriental,Guamaní,NORMAL,79320,7,1,0,8,0,ECOVIA,ESTACION,2026-08,2026-08-24,Mar,False
2026-08-25,Sur Oriental,Playón de la Marín,NORMAL,79319,28,6,1,35,0,ECOVIA,ESTACION,2026-08,2026-08-24,Mar,False
2026-08-25,Trole Norte,Colón,PARADA,2186,72,17,1,90,0,TROLEBUS,PARADA,2026-08,2026-08-24,Mar,True
2026-08-25,Trole Norte,Labrador,NORMAL,2187,30,13,2,45,0,TROLEBUS,ESTACION,2026-08,2026-08-24,Mar,False
2026-08-25,Trole Sur,Chimbacalle,PARADA,1584,13,10,0,23,0,TROLEBUS,PARADA,2026-08,2026-08-24,Mar,False
2026-08-25,Trole Sur,El Recreo,NORMAL,1583,11,16,1,28,0,TROLEBUS,ESTACION,2026-08,2026-08-24,Mar,False
2026-08-25,Trole Sur,PMO Universidad Central,EVENTO,1586,58,10,2,70,0,TROLEBUS,EVENTO,2026-08,2026-08-24,Mar,False
2026-08-25,Trole Sur,Quitumbe,NORMAL,1582,20,9,0,29,0,TROLEBUS,TERMINAL,2026-08,2026-08-24,Mar,False
2026-08-26,Ecovía Norte,Río Coca,NORMAL,3383,33,11,1,45,0,ECOVIA,ESTACION,2026-08,2026-08-24,Mié,False
2026-08-26,Sur Oriental,Guamaní,NORMAL,79351,48,6,1,55,0,ECOVIA,ESTACION,2026-08,2026-08-24,Mié,False
2026-08-26,Sur Oriental,Playón de la Marín,NORMAL,79350,39,7,3,49,0,ECOVIA,ESTACION,2026-08,2026-08-24,Mié,False
2026-08-26,Trole Norte,Colón,PARADA,2188,49,17,2,68,0,TROLEBUS,PARADA,2026-08,2026-08-24,Mié,False
2026-08-26,Trole Norte,Labrador,NORMAL,2189,42,15,7,64,0,TROLEBUS,ESTACION,2026-08,2026-08-24,Mié,False
2026-08-26,Trole Sur,Capulí,EVENTO,1589,47,23,2,72,0,TROLEBUS,EVENTO,2026-08,2026-08-24,Mié,False
2026-08-26,Trole Sur,Chimbacalle,PARADA,1590,9,17,2,28,0,TROLEBUS,PARADA,2026-08,2026-08-24,Mié,False
2026-08-26,Trole Sur,El Recreo,NORMAL,1588,32,11,1,44,0,TROLEBUS,ESTACION,2026-08,2026-08-24,Mié,False
2026-08-26,Trole Sur,Quitumbe,NORMAL,1587,46,13,1,60,0,TROLEBUS,TERMINAL,2026-08,2026-08-24,Mié,False
2026-08-27,Ecovía Norte,Río Coca,NORMAL,3384,36,10,0,46,0,ECOVIA,ESTACION,2026-08,2026-08-24,Jue,False
2026-08-27,Sur Oriental,Guamaní,NORMAL,79382,20,5,1,26,0,ECOVIA,ESTACION,2026-08,2026-08-24,Jue,False
2026-08-27,Sur Oriental,Playón de la Marín,NORMAL,79381,48,17,1,66,0,ECOVIA,ESTACION,2026-08,2026-08-24,Jue,False
2026-08-27,Trole Norte,Colón,PARADA,2190,31,11,0,42,0,TROLEBUS,PARADA,2026-08,2026-08-24,Jue,False
2026-08-27,Trole Norte,Labrador,NORMAL,2191,53,12,3,68,0,TROLEBUS,ESTACION,2026-08,2026-08-24,Jue,False
2026-08-27,Trole Sur,Chimbacalle,PARADA,1594,20,9,1,30,0,TROLEBUS,PARADA,2026-08,2026-08-24,Jue,False
2026-08-27,Trole Sur,El Recreo,NORMAL,1592,32,10,3,45,0,TROLEBUS,ESTACION,2026-08,2026-08-24,Jue,False
2026-08-27,Trole Sur,PMO La Carolina,EVENTO,1593,57,11,0,68,0,TROLEBUS,EVENTO,2026-08,2026-08-24,Jue,False
2026-08-27,Trole Sur,Quitumbe,NORMAL,1591,43,18,1,62,0,TROLEBUS,TERMINAL,2026-08,2026-08-24,Jue,False
2026-08-28,Ecovía Norte,Río Coca,NORMAL,3385,42,9,3,54,0,ECOVIA,ESTACION,2026-08,2026-08-24,Vie,False
2026-08-28,Sur Oriental,Guamaní,NORMAL,79413,18,6,0,24,0,ECOVIA,ESTACION,2026-08,2026-08-24,Vie,False
2026-08-28,Sur Oriental,Playón de la Marín,NORMAL,79412,46,4,0,50,0,ECOVIA,ESTACION,2026-08,2026-08-24,Vie,False
2026-08-28,Trole Norte,Colón,PARADA,2192,45,19,0,64,0,TROLEBUS,PARADA,2026-08,2026-08-24,Vie,False
2026-08-28,Trole Norte,Labrador,NORMAL,2193,46,21,2,69,0,TROLEBUS,ESTACION,2026-08,2026-08-24,Vie,False
2026-08-28,Trole Sur,Chimbacalle,PARADA,1598,21,7,1,29,0,TROLEBUS,PARADA,2026-08,2026-08-24,Vie,False
2026-08-28,Trole Sur,El Recreo,NORMAL,1596,18,11,1,30,0,TROLEBUS,ESTACION,2026-08,2026-08-24,Vie,False
2026-08-28,Trole Sur,PMO Universidad Central,EVENTO,1597,34,1,0,35,0,TROLEBUS,EVENTO,2026-08,2026-08-24,Vie,False
2026-08-28,Trole Sur,Quitumbe,NORMAL,1595,15,10,1,26,0,TROLEBUS,TERMINAL,2026-08,2026-08-24,Vie,False
2026-08-29,Ecovía Norte,Río Coca,NORMAL,3386,32,6,0,38,0,ECOVIA,ESTACION,2026-08,2026-08-24,Sáb,False
2026-08-29,Sur Oriental,Guamaní,NORMAL,79444,14,14,0,28,0,ECOVIA,ESTACION,2026-08,2026-08-24,Sáb,False
2026-08-29,Sur Oriental,Playón de la Marín,NORMAL,79443,41,4,1,46,0,ECOVIA,ESTACION,2026-08,2026-08-24,Sáb,False
2026-08-29,Trole Norte,Colón,PARADA,2194,54,21,4,79,0,TROLEBUS,PARADA,2026-08,2026-08-24,Sáb,False
2026-08-29,Trole Norte,Labrador,NORMAL,2195,57,22,2,81,0,TROLEBUS,ESTACION,2026-08,2026-08-24,Sáb,False
2026-08-29,Trole Sur,Chimbacalle,PARADA,1602,16,6,0,22,0,TROLEBUS,PARADA,2026-08,2026-08-24,Sáb,False
2026-08-29,Trole Sur,El Recreo,NORMAL,1600,90,31,0,121,0,TROLEBUS,ESTACION,2026-08,2026-08-24,Sáb,False
2026-08-29,Trole Sur,Mercado Central,EVENTO,1601,53,31,3,87,0,TROLEBUS,EVENTO,2026-08,2026-08-24,Sáb,False
2026-08-29,Trole Sur,Quitumbe,NORMAL,1599,7,3,1,11,0,TROLEBUS,TERMINAL,2026-08,2026-08-24,Sáb,False
2026-08-30,Ecovía Norte,Río Coca,NORMAL,3387,10,9,1,20,0,ECOVIA,ESTACION,2026-08,2026-08-24,Dom,False
2026-08-30,Sur Oriental,Guamaní,NORMAL,79487,8,4,1,13,0,ECOVIA,ESTACION,2026-08,2026-08-24,Dom,False
2026-08-30,Sur Oriental,Playón de la Marín,NORMAL,79474,14,5,0,19,0,ECOVIA,ESTACION,2026-08,2026-08-24,Dom,False
2026-08-30,Trole Norte,Colón,PARADA,2196,25,14,0,39,0,TROLEBUS,PARADA,2026-08,2026-08-24,Dom,False
2026-08-30,Trole Norte,Labrador,NORMAL,2197,49,12,1,62,0,TROLEBUS,ESTACION,2026-08,2026-08-24,Dom,False
2026-08-30,Trole Sur,Chimbacalle,PARADA,1606,20,8,1,29,0,TROLEBUS,PARADA,2026-08,2026-08-24,Dom,False
2026-08-30,Trole Sur,El Recreo,NORMAL,1604,21,19,2,42,0,TROLEBUS,ESTACION,2026-08,2026-08-24,Dom,False
2026-08-30,Trole Sur,PMO La Carolina,EVENTO,1605,41,10,3,54,0,TROLEBUS,EVENTO,2026-08,2026-08-24,Dom,False
2026-08-30,Trole Sur,Quitumbe,NORMAL,1603,11,0,0,11,0,TROLEBUS,TERMINAL,2026-08,2026-08-24,Dom,False
2026-08-31,Ecovía Norte,Río Coca,NORMAL,3388,41,18,3,62,0,ECOVIA,ESTACION,2026-08,2026-08-31,Lun,False
2026-08-31,Sur Oriental,Guamaní,NORMAL,79506,17,9,0,26,0,ECOVIA,ESTACION,2026-08,2026-08-31,Lun,False
2026-08-31,Sur Oriental,Playón de la Marín,NORMAL,79505,92,14,2,108,0,ECOVIA,ESTACION,2026-08,2026-08-31,Lun,False
2026-08-31,Trole Norte,Colón,PARADA,2198,53,13,2,68,0,TROLEBUS,PARADA,2026-08,2026-08-31,Lun,False
2026-08-31,Trole Norte,Labrador,NORMAL,2199,26,13,1,40,0,TROLEBUS,ESTACION,2026-08,2026-08-31,Lun,False
2026-08-31,Trole Sur,Chimbacalle,PARADA,1610,10,10,0,20,0,TROLEBUS,PARADA,2026-08,2026-08-31,Lun,False
2026-08-31,Trole Sur,El Recreo,NORMAL,1608,44,33,0,77,0,TROLEBUS,ESTACION,2026-08,2026-08-31,Lun,False
2026-08-31,Trole Sur,Quitumbe,NORMAL,1607,14,18,2,34,0,TROLEBUS,TERMINAL,2026-08,2026-08-31,Lun,False
2026-09-01,Ecovía Norte,Río Coca,NORMAL,3389,74,19,6,99,0,ECOVIA,ESTACION,2026-09,2026-08-31,Mar,False
2026-09-01,Sur Oriental,Guamaní,NORMAL,79537,19,14,1,34,0,ECOVIA,ESTACION,2026-09,2026-08-31,Mar,False
2026-09-01,Sur Oriental,Playón de la Marín,NORMAL,79536,67,23,5,95,0,ECOVIA,ESTACION,2026-09,2026-08-31,Mar,False
2026-09-01,Trole Norte,Colón,PARADA,2200,56,17,2,75,0,TROLEBUS,PARADA,2026-09,2026-08-31,Mar,False
2026-09-01,Trole Norte,Labrador,NORMAL,2201,57,24,4,85,0,TROLEBUS,ESTACION,2026-09,2026-08-31,Mar,False
2026-09-01,Trole Sur,Capulí,EVENTO,6009,85,23,3,111,0,TROLEBUS,EVENTO,2026-09,2026-08-31,Mar,False
2026-09-01,Trole Sur,Chimbacalle,PARADA,6010,8,11,0,19,0,TROLEBUS,PARADA,2026-09,2026-08-31,Mar,False
2026-09-01,Trole Sur,El Recreo,NORMAL,6008,83,55,6,144,0,TROLEBUS,ESTACION,2026-09,2026-08-31,Mar,False
2026-09-01,Trole Sur,Quitumbe,NORMAL,6007,29,12,1,42,0,TROLEBUS,TERMINAL,2026-09,2026-08-31,Mar,False
2026-09-02,Ecovía Norte,Río Coca,NORMAL,53699,51,12,4,67,0,ECOVIA,ESTACION,2026-09,2026-08-31,Mié,False
2026-09-02,Sur Oriental,Guamaní,NORMAL,79568,17,12,1,30,0,ECOVIA,ESTACION,2026-09,2026-08-31,Mié,False
2026-09-02,Sur Oriental,Playón de la Marín,NORMAL,79567,42,9,2,53,0,ECOVIA,ESTACION,2026-09,2026-08-31,Mié,False
2026-09-02,Trole Norte,Colón,PARADA,2202,68,9,1,78,0,TROLEBUS,PARADA,2026-09,2026-08-31,Mié,False
2026-09-02,Trole Norte,Labrador,NORMAL,2203,42,12,2,56,0,TROLEBUS,ESTACION,2026-09,2026-08-31,Mié,False
2026-09-02,Trole Sur,Capulí,EVENTO,6054,102,21,3,126,0,TROLEBUS,EVENTO,2026-09,2026-08-31,Mié,False
2026-09-02,Trole Sur,Chimbacalle,PARADA,6053,21,31,1,53,0,TROLEBUS,PARADA,2026-09,2026-08-31,Mié,False
2026-09-02,Trole Sur,El Recreo,NORMAL,6052,67,30,7,104,0,TROLEBUS,ESTACION,2026-09,2026-08-31,Mié,False
2026-09-02,Trole Sur,Quitumbe,NORMAL,6051,47,8,3,58,0,TROLEBUS,TERMINAL,2026-09,2026-08-31,Mié,False
2026-09-03,Ecovía Norte,Río Coca,NORMAL,3391,56,9,2,67,0,ECOVIA,ESTACION,2026-09,2026-08-31,Jue,False
2026-09-03,Sur Oriental,Guamaní,NORMAL,79599,22,8,0,30,0,ECOVIA,ESTACION,2026-09,2026-08-31,Jue,False
2026-09-03,Sur Oriental,Playón de la Marín,NORMAL,79598,42,17,2,61,0,ECOVIA,ESTACION,2026-09,2026-08-31,Jue,False
2026-09-03,Trole Norte,Colón,PARADA,2204,23,6,1,30,0,TROLEBUS,PARADA,2026-09,2026-08-31,Jue,False
2026-09-03,Trole Norte,Labrador,NORMAL,2205,53,17,4,74,0,TROLEBUS,ESTACION,2026-09,2026-08-31,Jue,False
2026-09-03,Trole Sur,Chimbacalle,PARADA,6097,6,13,0,19,0,TROLEBUS,PARADA,2026-09,2026-08-31,Jue,False
2026-09-03,Trole Sur,El Recreo,NORMAL,6096,53,31,3,87,0,TROLEBUS,ESTACION,2026-09,2026-08-31,Jue,False
2026-09-03,Trole Sur,Quitumbe,NORMAL,6095,30,12,1,43,0,TROLEBUS,TERMINAL,2026-09,2026-08-31,Jue,False
2026-09-04,Ecovía Norte,Río Coca,NORMAL,3392,39,9,0,48,0,ECOVIA,ESTACION,2026-09,2026-08-31,Vie,False
2026-09-04,Sur Oriental,Guamaní,NORMAL,79630,24,3,1,28,0,ECOVIA,ESTACION,2026-09,2026-08-31,Vie,False
2026-09-04,Sur Oriental,Playón de la Marín,NORMAL,79629,28,4,1,33,0,ECOVIA,ESTACION,2026-09,2026-08-31,Vie,False
2026-09-04,Trole Norte,Labrador,NORMAL,2207,73,18,7,98,0,TROLEBUS,ESTACION,2026-09,2026-08-31,Vie,False
2026-09-04,Trole Sur,Cumbayá,EVENTO,6142,9,8,0,17,0,TROLEBUS,EVENTO,2026-09,2026-08-31,Vie,False
2026-09-04,Trole Sur,El Recreo,NORMAL,6140,50,9,2,61,0,TROLEBUS,ESTACION,2026-09,2026-08-31,Vie,False
2026-09-04,Trole Sur,Mercado Central,EVENTO,6143,41,9,5,55,0,TROLEBUS,EVENTO,2026-09,2026-08-31,Vie,False
2026-09-04,Trole Sur,Quitumbe,NORMAL,6139,23,11,0,34,0,TROLEBUS,TERMINAL,2026-09,2026-08-31,Vie,False
2026-09-05,Ecovía Norte,Río Coca,NORMAL,3393,17,11,0,28,0,ECOVIA,ESTACION,2026-09,2026-08-31,Sáb,False
2026-09-05,Sur Oriental,Guamaní,NORMAL,79661,13,6,1,20,0,ECOVIA,ESTACION,2026-09,2026-08-31,Sáb,False
2026-09-05,Sur Oriental,Playón de la Marín,NORMAL,79660,33,9,0,42,0,ECOVIA,ESTACION,2026-09,2026-08-31,Sáb,False
2026-09-05,Trole Norte,Colón,PARADA,2208,38,9,3,50,0,TROLEBUS,PARADA,2026-09,2026-08-31,Sáb,False
2026-09-05,Trole Norte,Labrador,NORMAL,2209,61,24,3,88,0,TROLEBUS,ESTACION,2026-09,2026-08-31,Sáb,False
2026-09-05,Trole Sur,Chimbacalle,PARADA,6185,8,5,0,13,0,TROLEBUS,PARADA,2026-09,2026-08-31,Sáb,False
2026-09-05,Trole Sur,El Recreo,NORMAL,6184,60,13,3,76,0,TROLEBUS,ESTACION,2026-09,2026-08-31,Sáb,False
2026-09-05,Trole Sur,PMO Cotocollao,EVENTO,6186,18,8,0,26,0,TROLEBUS,EVENTO,2026-09,2026-08-31,Sáb,False
2026-09-05,Trole Sur,Quitumbe,NORMAL,6183,30,3,0,33,0,TROLEBUS,TERMINAL,2026-09,2026-08-31,Sáb,False
2026-09-06,Ecovía Norte,Río Coca,NORMAL,3394,27,10,0,37,0,ECOVIA,ESTACION,2026-09,2026-08-31,Dom,False
2026-09-06,Sur Oriental,Guamaní,NORMAL,79692,8,7,0,15,0,ECOVIA,ESTACION,2026-09,2026-08-31,Dom,False
2026-09-06,Sur Oriental,Playón de la Marín,NORMAL,79691,42,3,1,46,0,ECOVIA,ESTACION,2026-09,2026-08-31,Dom,False
2026-09-06,Trole Norte,Colón,PARADA,2210,31,9,0,40,0,TROLEBUS,PARADA,2026-09,2026-08-31,Dom,False
2026-09-06,Trole Norte,Labrador,NORMAL,2211,105,22,2,129,0,TROLEBUS,ESTACION,2026-09,2026-08-31,Dom,False
2026-09-06,Trole Sur,Chimbacalle,PARADA,6229,8,8,1,17,0,TROLEBUS,PARADA,2026-09,2026-08-31,Dom,False
2026-09-06,Trole Sur,El Recreo,NORMAL,6228,37,11,0,48,0,TROLEBUS,ESTACION,2026-09,2026-08-31,Dom,False
2026-09-06,Trole Sur,PMO La Carolina,EVENTO,6230,44,14,1,59,0,TROLEBUS,EVENTO,2026-09,2026-08-31,Dom,False
2026-09-06,Trole Sur,Quitumbe,NORMAL,6186,26,5,2,33,0,TROLEBUS,TERMINAL,2026-09,2026-08-31,Dom,False
2026-09-07,Ecovía Norte,Río Coca,NORMAL,3395,45,9,1,55,0,ECOVIA,ESTACION,2026-09,2026-09-07,Lun,False
2026-09-07,Sur Oriental,Guamaní,NORMAL,79723,14,9,1,24,0,ECOVIA,ESTACION,2026-09,2026-09-07,Lun,False
2026-09-07,Sur Oriental,Playón de la Marín,NORMAL,79722,40,3,3,46,0,ECOVIA,ESTACION,2026-09,2026-09-07,Lun,False
2026-09-07,Trole Norte,Colón,PARADA,2212,63,19,3,85,0,TROLEBUS,PARADA,2026-09,2026-09-07,Lun,False
2026-09-07,Trole Norte,Labrador,NORMAL,2213,40,7,4,51,0,TROLEBUS,ESTACION,2026-09,2026-09-07,Lun,False
2026-09-07,Trole Sur,Chimbacalle,PARADA,6273,15,25,3,43,0,TROLEBUS,PARADA,2026-09,2026-09-07,Lun,False
2026-09-07,Trole Sur,El Recreo,NORMAL,6272,53,32,5,90,0,TROLEBUS,ESTACION,2026-09,2026-09-07,Lun,False
2026-09-07,Trole Sur,Quitumbe,NORMAL,6271,38,20,3,61,0,TROLEBUS,TERMINAL,2026-09,2026-09-07,Lun,False
2026-09-08,Ecovía Norte,Río Coca,NORMAL,3396,42,8,5,55,0,ECOVIA,ESTACION,2026-09,2026-09-07,Mar,False
2026-09-08,Sur Oriental,Guamaní,NORMAL,79754,12,10,2,24,0,ECOVIA,ESTACION,2026-09,2026-09-07,Mar,False
2026-09-08,Sur Oriental,Playón de la Marín,NORMAL,79753,32,3,1,36,0,ECOVIA,ESTACION,2026-09,2026-09-07,Mar,False
2026-09-08,Trole Norte,Colón,PARADA,2213,46,11,1,58,0,TROLEBUS,PARADA,2026-09,2026-09-07,Mar,False
2026-09-08,Trole Norte,Labrador,NORMAL,2214,45,8,1,54,0,TROLEBUS,ESTACION,2026-09,2026-09-07,Mar,False
2026-09-08,Trole Sur,Chimbacalle,PARADA,6317,12,17,2,31,0,TROLEBUS,PARADA,2026-09,2026-09-07,Mar,False
2026-09-08,Trole Sur,El Recreo,NORMAL,6316,43,22,4,69,0,TROLEBUS,ESTACION,2026-09,2026-09-07,Mar,False
2026-09-08,Trole Sur,PMO Universidad Central,EVENTO,6318,62,8,2,72,0,TROLEBUS,EVENTO,2026-09,2026-09-07,Mar,False
2026-09-08,Trole Sur,Quitumbe,NORMAL,6315,19,7,1,27,0,TROLEBUS,TERMINAL,2026-09,2026-09-07,Mar,False
2026-09-09,Ecovía Norte,Río Coca,NORMAL,3397,37,10,1,48,0,ECOVIA,ESTACION,2026-09,2026-09-07,Mié,False
2026-09-09,Sur Oriental,Guamaní,NORMAL,79785,15,4,1,20,0,ECOVIA,ESTACION,2026-09,2026-09-07,Mié,False
2026-09-09,Sur Oriental,Playón de la Marín,NORMAL,79784,42,8,1,51,0,ECOVIA,ESTACION,2026-09,2026-09-07,Mié,False
2026-09-09,Trole Norte,Colón,PARADA,2215,42,12,2,56,0,TROLEBUS,PARADA,2026-09,2026-09-07,Mié,False
2026-09-09,Trole Norte,Labrador,NORMAL,2216,66,14,4,84,0,TROLEBUS,ESTACION,2026-09,2026-09-07,Mié,False
2026-09-09,Trole Sur,El Recreo,NORMAL,6360,35,25,2,62,0,TROLEBUS,ESTACION,2026-09,2026-09-07,Mié,False
2026-09-09,Trole Sur,Quitumbe,NORMAL,6359,25,11,1,37,0,TROLEBUS,TERMINAL,2026-09,2026-09-07,Mié,False
2026-09-10,Ecovía Norte,Río Coca,NORMAL,3398,33,10,0,43,0,ECOVIA,ESTACION,2026-09,2026-09-07,Jue,False
2026-09-10,Sur Oriental,Guamaní,NORMAL,79816,21,4,1,26,0,ECOVIA,ESTACION,2026-09,2026-09-07,Jue,False
2026-09-10,Sur Oriental,Playón de la Marín,NORMAL,79815,23,3,0,26,0,ECOVIA,ESTACION,2026-09,2026-09-07,Jue,False
2026-09-10,Trole Norte,Colón,PARADA,2217,32,6,1,39,0,TROLEBUS,PARADA,2026-09,2026-09-07,Jue,False
2026-09-10,Trole Norte,Labrador,NORMAL,2218,62,10,1,73,0,TROLEBUS,ESTACION,2026-09,2026-09-07,Jue,False
2026-09-10,Trole Sur,Capulí,EVENTO,6362,51,17,1,69,0,TROLEBUS,EVENTO,2026-09,2026-09-07,Jue,False
2026-09-10,Trole Sur,Chimbacalle,PARADA,6405,10,19,0,29,0,TROLEBUS,PARADA,2026-09,2026-09-07,Jue,False
2026-09-10,Trole Sur,El Recreo,NORMAL,6404,37,19,0,56,0,TROLEBUS,ESTACION,2026-09,2026-09-07,Jue,False
2026-09-10,Trole Sur,PMO La Carolina,EVENTO,6406,48,11,1,60,0,TROLEBUS,EVENTO,2026-09,2026-09-07,Jue,False
2026-09-10,Trole Sur,Quitumbe,NORMAL,6403,29,14,2,45,0,TROLEBUS,TERMINAL,2026-09,2026-09-07,Jue,False
2026-09-11,Ecovía Norte,Río Coca,NORMAL,3399,36,8,1,45,0,ECOVIA,ESTACION,2026-09,2026-09-07,Vie,False
2026-09-11,Sur Oriental,Guamaní,NORMAL,79847,7,5,1,13,0,ECOVIA,ESTACION,2026-09,2026-09-07,Vie,False
2026-09-11,Sur Oriental,Playón de la Marín,NORMAL,79846,28,11,0,39,0,ECOVIA,ESTACION,2026-09,2026-09-07,Vie,False
2026-09-11,Trole Norte,Colón,PARADA,2219,36,18,1,55,0,TROLEBUS,PARADA,2026-09,2026-09-07,Vie,False
2026-09-11,Trole Norte,Labrador,NORMAL,2220,74,12,3,89,0,TROLEBUS,ESTACION,2026-09,2026-09-07,Vie,False
2026-09-11,Trole Sur,Chimbacalle,PARADA,6449,13,11,1,25,0,TROLEBUS,PARADA,2026-09,2026-09-07,Vie,False
2026-09-11,Trole Sur,El Recreo,NORMAL,6448,35,26,0,61,0,TROLEBUS,ESTACION,2026-09,2026-09-07,Vie,False
2026-09-11,Trole Sur,PMO Universidad Central,EVENTO,6450,120,11,4,135,0,TROLEBUS,EVENTO,2026-09,2026-09-07,Vie,False
2026-09-11,Trole Sur,Quitumbe,NORMAL,6447,22,12,3,37,0,TROLEBUS,TERMINAL,2026-09,2026-09-07,Vie,False
2026-09-12,Ecovía Norte,Río Coca,NORMAL,3400,39,9,1,49,0,ECOVIA,ESTACION,2026-09,2026-09-07,Sáb,False
2026-09-12,Sur Oriental,Guamaní,NORMAL,79878,15,2,1,18,0,ECOVIA,ESTACION,2026-09,2026-09-07,Sáb,False
2026-09-12,Sur Oriental,Playón de la Marín,NORMAL,79877,39,12,1,52,0,ECOVIA,ESTACION,2026-09,2026-09-07,Sáb,False
2026-09-12,Trole Norte,Colón,PARADA,2221,25,10,1,36,0,TROLEBUS,PARADA,2026-09,2026-09-07,Sáb,False
2026-09-12,Trole Norte,Labrador,NORMAL,2222,78,16,4,98,0,TROLEBUS,ESTACION,2026-09,2026-09-07,Sáb,False
2026-09-12,Trole Sur,Chimbacalle,PARADA,6493,17,9,2,28,0,TROLEBUS,PARADA,2026-09,2026-09-07,Sáb,False
2026-09-12,Trole Sur,El Recreo,NORMAL,6492,38,28,2,68,0,TROLEBUS,ESTACION,2026-09,2026-09-07,Sáb,False
2026-09-12,Trole Sur,PMO Conocoto,EVENTO,6494,15,4,0,19,0,TROLEBUS,EVENTO,2026-09,2026-09-07,Sáb,False
2026-09-12,Trole Sur,Quitumbe,NORMAL,6491,24,7,2,33,0,TROLEBUS,TERMINAL,2026-09,2026-09-07,Sáb,False
2026-09-13,Ecovía Norte,Río Coca,NORMAL,3401,25,2,1,28,0,ECOVIA,ESTACION,2026-09,2026-09-07,Dom,False
2026-09-13,Sur Oriental,Guamaní,NORMAL,79909,5,4,1,10,0,ECOVIA,ESTACION,2026-09,2026-09-07,Dom,False
2026-09-13,Sur Oriental,Playón de la Marín,NORMAL,79908,25,8,2,35,0,ECOVIA,ESTACION,2026-09,2026-09-07,Dom,False
2026-09-13,Trole Norte,Colón,PARADA,2223,18,3,0,21,0,TROLEBUS,PARADA,2026-09,2026-09-07,Dom,False
2026-09-13,Trole Norte,Labrador,NORMAL,2224,48,11,1,60,0,TROLEBUS,ESTACION,2026-09,2026-09-07,Dom,False
2026-09-13,Trole Sur,Chimbacalle,PARADA,6537,13,6,0,19,0,TROLEBUS,PARADA,2026-09,2026-09-07,Dom,False
2026-09-13,Trole Sur,El Recreo,NORMAL,6536,33,23,0,56,0,TROLEBUS,ESTACION,2026-09,2026-09-07,Dom,False
2026-09-13,Trole Sur,PMO Naciones Unidas,EVENTO,6538,79,18,1,98,0,TROLEBUS,EVENTO,2026-09,2026-09-07,Dom,False
2026-09-13,Trole Sur,Quitumbe,NORMAL,6535,11,8,0,19,0,TROLEBUS,TERMINAL,2026-09,2026-09-07,Dom,False
2026-09-14,Ecovía Norte,Río Coca,NORMAL,3402,42,5,2,49,0,ECOVIA,ESTACION,2026-09,2026-09-14,Lun,False
2026-09-14,Sur Oriental,Guamaní,NORMAL,79940,8,7,0,15,0,ECOVIA,ESTACION,2026-09,2026-09-14,Lun,False
2026-09-14,Sur Oriental,Playón de la Marín,NORMAL,79939,40,13,1,54,0,ECOVIA,ESTACION,2026-09,2026-09-14,Lun,False
2026-09-14,Trole Norte,Colón,PARADA,2225,34,3,1,38,0,TROLEBUS,PARADA,2026-09,2026-09-14,Lun,False
2026-09-14,Trole Norte,Labrador,NORMAL,2226,55,17,5,77,0,TROLEBUS,ESTACION,2026-09,2026-09-14,Lun,False
2026-09-14,Trole Sur,El Recreo,NORMAL,6580,63,2,2,67,0,TROLEBUS,ESTACION,2026-09,2026-09-14,Lun,False
2026-09-14,Trole Sur,PRONACA,EVENTO,6582,162,46,6,214,0,TROLEBUS,EVENTO,2026-09,2026-09-14,Lun,False
2026-09-14,Trole Sur,Quitumbe,NORMAL,6579,42,12,2,56,0,TROLEBUS,TERMINAL,2026-09,2026-09-14,Lun,False
2026-09-15,Ecovía Norte,Río Coca,NORMAL,3403,36,9,2,47,0,ECOVIA,ESTACION,2026-09,2026-09-14,Mar,False
2026-09-15,Sur Oriental,Guamaní,NORMAL,79971,14,5,0,19,0,ECOVIA,ESTACION,2026-09,2026-09-14,Mar,False
2026-09-15,Sur Oriental,Playón de la Marín,NORMAL,79970,45,10,2,57,0,ECOVIA,ESTACION,2026-09,2026-09-14,Mar,False
2026-09-15,Trole Norte,Colón,PARADA,2227,25,7,1,33,0,TROLEBUS,PARADA,2026-09,2026-09-14,Mar,False
2026-09-15,Trole Norte,Labrador,NORMAL,2228,57,13,5,75,0,TROLEBUS,ESTACION,2026-09,2026-09-14,Mar,False
2026-09-15,Trole Sur,El Recreo,NORMAL,6624,45,16,1,62,0,TROLEBUS,ESTACION,2026-09,2026-09-14,Mar,False
2026-09-15,Trole Sur,PMO Universidad Central,EVENTO,6626,13,1,1,15,0,TROLEBUS,EVENTO,2026-09,2026-09-14,Mar,False
2026-09-15,Trole Sur,PRONACA,EVENTO,6625,75,28,2,105,0,TROLEBUS,EVENTO,2026-09,2026-09-14,Mar,False
2026-09-15,Trole Sur,Quitumbe,NORMAL,6623,53,9,1,63,0,TROLEBUS,TERMINAL,2026-09,2026-09-14,Mar,False
2026-09-16,Ecovía Norte,Río Coca,NORMAL,3404,34,16,5,55,0,ECOVIA,ESTACION,2026-09,2026-09-14,Mié,False
2026-09-16,Sur Oriental,Guamaní,NORMAL,80002,29,3,0,32,0,ECOVIA,ESTACION,2026-09,2026-09-14,Mié,False
2026-09-16,Sur Oriental,Playón de la Marín,NORMAL,80001,31,3,0,34,0,ECOVIA,ESTACION,2026-09,2026-09-14,Mié,False
2026-09-16,Trole Norte,Labrador,NORMAL,2230,59,17,3,79,0,TROLEBUS,ESTACION,2026-09,2026-09-14,Mié,False
2026-09-16,Trole Sur,Capulí,EVENTO,6669,64,17,2,83,0,TROLEBUS,EVENTO,2026-09,2026-09-14,Mié,False
2026-09-16,Trole Sur,El Recreo,NORMAL,6668,42,14,0,56,0,TROLEBUS,ESTACION,2026-09,2026-09-14,Mié,False
2026-09-16,Trole Sur,PRONACA,EVENTO,6670,125,32,1,158,0,TROLEBUS,EVENTO,2026-09,2026-09-14,Mié,False
2026-09-16,Trole Sur,Quitumbe,NORMAL,6667,45,11,3,59,0,TROLEBUS,TERMINAL,2026-09,2026-09-14,Mié,False
2026-09-17,Ecovía Norte,Río Coca,NORMAL,3405,36,2,1,39,0,ECOVIA,ESTACION,2026-09,2026-09-14,Jue,False
2026-09-17,Sur Oriental,Guamaní,NORMAL,800033,12,6,1,19,0,ECOVIA,ESTACION,2026-09,2026-09-14,Jue,False
2026-09-17,Sur Oriental,Playón de la Marín,NORMAL,80032,31,2,1,34,0,ECOVIA,ESTACION,2026-09,2026-09-14,Jue,False
2026-09-17,Trole Norte,Colón,PARADA,2231,1,0,0,1,0,TROLEBUS,PARADA,2026-09,2026-09-14,Jue,False
2026-09-17,Trole Norte,Labrador,NORMAL,2232,63,11,6,80,0,TROLEBUS,ESTACION,2026-09,2026-09-14,Jue,False
2026-09-17,Trole Sur,El Recreo,NORMAL,6712,57,17,2,76,0,TROLEBUS,ESTACION,2026-09,2026-09-14,Jue,False
2026-09-17,Trole Sur,PMO Naciones Unidas,EVENTO,6714,62,4,1,67,0,TROLEBUS,EVENTO,2026-09,2026-09-14,Jue,False
2026-09-17,Trole Sur,Quitumbe,NORMAL,6711,51,6,3,60,0,TROLEBUS,TERMINAL,2026-09,2026-09-14,Jue,False
2026-09-18,Ecovía Norte,Río Coca,NORMAL,3406,45,11,0,56,0,ECOVIA,ESTACION,2026-09,2026-09-14,Vie,False
2026-09-18,Sur Oriental,Guamaní,NORMAL,80064,19,3,1,23,0,ECOVIA,ESTACION,2026-09,2026-09-14,Vie,False
2026-09-18,Sur Oriental,Playón de la Marín,NORMAL,80063,29,6,3,38,0,ECOVIA,ESTACION,2026-09,2026-09-14,Vie,False
2026-09-18,Trole Norte,Colón,PARADA,2233,40,10,1,51,0,TROLEBUS,PARADA,2026-09,2026-09-14,Vie,False
2026-09-18,Trole Norte,Labrador,NORMAL,2234,55,17,3,75,0,TROLEBUS,ESTACION,2026-09,2026-09-14,Vie,False
2026-09-18,Trole Sur,El Recreo,NORMAL,6756,34,13,2,49,0,TROLEBUS,ESTACION,2026-09,2026-09-14,Vie,False
2026-09-18,Trole Sur,Quitumbe,NORMAL,6755,17,5,1,23,0,TROLEBUS,TERMINAL,2026-09,2026-09-14,Vie,False
2026-09-19,Ecovía Norte,Río Coca,NORMAL,3407,26,14,1,41,0,ECOVIA,ESTACION,2026-09,2026-09-14,Sáb,False
2026-09-19,Sur Oriental,Guamaní,NORMAL,80095,32,8,0,40,0,ECOVIA,ESTACION,2026-09,2026-09-14,Sáb,False
2026-09-19,Sur Oriental,Playón de la Marín,NORMAL,80094,42,3,4,49,0,ECOVIA,ESTACION,2026-09,2026-09-14,Sáb,False
2026-09-19,Trole Norte,Labrador,NORMAL,2236,65,20,2,87,0,TROLEBUS,ESTACION,2026-09,2026-09-14,Sáb,False
2026-09-19,Trole Sur,El Recreo,NORMAL,6800,52,21,8,81,0,TROLEBUS,ESTACION,2026-09,2026-09-14,Sáb,False
2026-09-19,Trole Sur,Quitumbe,NORMAL,6799,26,11,2,39,0,TROLEBUS,TERMINAL,2026-09,2026-09-14,Sáb,False
2026-09-20,Ecovía Norte,Río Coca,NORMAL,3408,20,2,0,22,0,ECOVIA,ESTACION,2026-09,2026-09-14,Dom,False
2026-09-20,Sur Oriental,Guamaní,NORMAL,80126,6,1,0,7,0,ECOVIA,ESTACION,2026-09,2026-09-14,Dom,False
2026-09-20,Sur Oriental,Playón de la Marín,NORMAL,80125,14,3,0,17,0,ECOVIA,ESTACION,2026-09,2026-09-14,Dom,False
2026-09-20,Trole Norte,Labrador,NORMAL,2237,50,10,0,60,0,TROLEBUS,ESTACION,2026-09,2026-09-14,Dom,False
2026-09-20,Trole Sur,El Recreo,NORMAL,6844,23,18,0,41,0,TROLEBUS,ESTACION,2026-09,2026-09-14,Dom,False
2026-09-20,Trole Sur,PMO La Carolina,EVENTO,6846,75,13,2,90,0,TROLEBUS,EVENTO,2026-09,2026-09-14,Dom,False
2026-09-20,Trole Sur,Quitumbe,NORMAL,6843,32,9,0,41,0,TROLEBUS,TERMINAL,2026-09,2026-09-14,Dom,False
2026-09-21,Ecovía Norte,Río Coca,NORMAL,3409,36,7,0,43,0,ECOVIA,ESTACION,2026-09,2026-09-21,Lun,False
2026-09-21,Ecovía Norte,Eugenio Espejo,PARADA,3410,62,15,5,82,0,ECOVIA,PARADA,2026-09,2026-09-21,Lun,False
2026-09-21,Sur Oriental,Guamaní,NORMAL,80157,17,10,0,27,0,ECOVIA,ESTACION,2026-09,2026-09-21,Lun,False
2026-09-21,Sur Oriental,Playón de la Marín,NORMAL,0,0,0,0,0,0,ECOVIA,ESTACION,2026-09,2026-09-21,Lun,False
2026-09-21,Trole Norte,Labrador,NORMAL,2238,45,11,4,60,0,TROLEBUS,ESTACION,2026-09,2026-09-21,Lun,False
2026-09-21,Trole Sur,El Recreo,NORMAL,6888,40,18,2,60,0,TROLEBUS,ESTACION,2026-09,2026-09-21,Lun,False
2026-09-21,Trole Sur,PRONACA,EVENTO,6890,125,30,4,159,0,TROLEBUS,EVENTO,2026-09,2026-09-21,Lun,False
2026-09-21,Trole Sur,PRONACA,EVENTO,6889,39,11,0,50,0,TROLEBUS,EVENTO,2026-09,2026-09-21,Lun,False
2026-09-21,Trole Sur,Quitumbe,NORMAL,6887,18,4,2,24,0,TROLEBUS,TERMINAL,2026-09,2026-09-21,Lun,False
